bc,nsub,dip,variant,ncol,nlay,status,rms_all_mm,rms_mid_mm,max_abs_mm,drop_mid_mm,drop_ana_mm,drop_ratio,kgeo
analytical,1,0.0,corrected,21,3,ok,5.470077105934751e-09,4.652451090259225e-09,9.331924122335522e-09,49.99999999878811,50.00000000000001,0.999999999975762,"1.0,1.0,1.0"
analytical,1,5.0,corrected,21,3,ok,5.222695236625473e-08,9.062453295113165e-09,1.9489466984712323e-07,49.62019382766484,49.62019382530521,1.000000000047554,"1.0,1.0,1.0"
analytical,1,10.0,corrected,21,3,ok,4.905658420251995e-08,3.5311807081297045e-08,1.1087945839260982e-07,48.4923155154568,48.49231551964771,0.9999999999135759,"1.0,1.0,1.0"
analytical,1,15.0,corrected,21,3,ok,4.682205549060035e-08,5.2797894495904505e-08,9.367097375534428e-08,46.650635091152985,46.650635094610976,0.9999999999258747,"1.0,1.0,1.0"
analytical,1,20.0,corrected,21,3,ok,4.077196207584366e-08,3.848751997559846e-08,1.197593413326814e-07,44.1511110788249,44.15111107797444,1.0000000000192624,"1.0,1.0,1.0"
analytical,1,25.0,corrected,21,3,ok,4.7319005291860945e-08,2.159849441654406e-08,1.7028996268653174e-07,41.0696902423577,41.06969024216348,1.000000000004729,"1.0,1.0,1.0"
analytical,1,30.0,corrected,21,3,ok,6.564838511521047e-09,8.44238960966811e-09,1.344960254279215e-08,37.49999999533702,37.49999999999999,0.9999999998756541,"1.0,1.0,1.0"
analytical,1,35.0,corrected,21,3,ok,1.1049181349157226e-08,5.4483657539376545e-09,2.4580795732198624e-08,33.550503581042165,33.55050358314172,0.9999999999374212,"1.0,1.0,1.0"
analytical,1,40.0,corrected,21,3,ok,1.8880254165920363e-08,2.5174131273827745e-08,2.8759133963163208e-08,29.341204439212444,29.34120444167326,0.9999999999161311,"1.0,1.0,1.0"
analytical,1,45.0,corrected,21,3,ok,1.6735890776159733e-09,2.344692057390282e-09,3.939404358277443e-09,24.99999999860605,25.00000000000001,0.9999999999442416,"1.0,1.0,1.0"
analytical,1,50.0,corrected,21,3,ok,1.9658812251844e-08,1.8147093852562372e-08,2.4134402809572464e-08,20.658795556732397,20.658795558326748,0.9999999999228246,"1.0,1.0,1.0"
analytical,1,55.0,corrected,21,3,ok,4.1205181946702615e-09,8.945059815004099e-10,1.4209543264254165e-08,16.44949641586674,16.449496416858278,0.9999999999397223,"1.0,1.0,1.0"
analytical,1,60.0,corrected,21,3,ok,1.751308673567672e-09,2.2887797230179743e-09,3.8004738245334124e-09,12.499999998899074,12.500000000000007,0.9999999999119253,"1.0,1.0,1.0"
analytical,1,0.0,corrected_xt3d,21,3,ok,1.4192869010570452e-09,1.612771396010861e-09,2.8197305601551648e-09,49.99999999915006,50.00000000000001,0.9999999999830012,"1.0,1.0,1.0"
analytical,1,5.0,corrected_xt3d,21,3,ok,5.2380503157458106e-08,9.465718256162147e-09,1.9605327084004642e-07,49.62019382783566,49.62019382530521,1.0000000000509963,"1.0,1.0,1.0"
analytical,1,10.0,corrected_xt3d,21,3,ok,4.867035955076753e-08,3.660226889792034e-08,1.1175312064626297e-07,48.49231551661517,48.49231551964771,0.9999999999374635,"1.0,1.0,1.0"
analytical,1,15.0,corrected_xt3d,21,3,ok,4.6516211343634115e-08,5.352916135656021e-08,1.0843166642349189e-07,46.65063509048775,46.650635094610976,0.9999999999116147,"1.0,1.0,1.0"
analytical,1,20.0,corrected_xt3d,21,3,ok,4.0667543738079126e-08,3.642913283729307e-08,1.4442236295764133e-07,44.15111107972392,44.15111107797444,1.0000000000396247,"1.0,1.0,1.0"
analytical,1,25.0,corrected_xt3d,21,3,ok,4.941262990938257e-08,1.6386784595266685e-08,2.1064633370926344e-07,41.069690245394966,41.06969024216348,1.000000000078683,"1.0,1.0,1.0"
analytical,1,30.0,corrected_xt3d,21,3,ok,3.2129972241023026e-09,3.525369735087686e-09,8.071265877873657e-09,37.4999999982931,37.49999999999999,0.9999999999544829,"1.0,1.0,1.0"
analytical,1,35.0,corrected_xt3d,21,3,ok,1.0965500612258382e-08,8.065615448850632e-09,2.661122711078434e-08,33.550503582705545,33.55050358314172,0.9999999999869995,"1.0,1.0,1.0"
analytical,1,40.0,corrected_xt3d,21,3,ok,1.8292518724012812e-08,2.0363282644153742e-08,2.5550284110664734e-08,29.341204442130568,29.34120444167326,1.0000000000155858,"1.0,1.0,1.0"
analytical,1,45.0,corrected_xt3d,21,3,ok,4.5572077584031365e-10,5.487959463827263e-10,1.0496395419501425e-09,25.000000000333486,25.00000000000001,1.0000000000133389,"1.0,1.0,1.0"
analytical,1,50.0,corrected_xt3d,21,3,ok,2.0329412969292325e-08,2.1162117516401192e-08,2.4013228905328532e-08,20.658795558508423,20.658795558326748,1.0000000000087943,"1.0,1.0,1.0"
analytical,1,55.0,corrected_xt3d,21,3,ok,4.253760917912558e-09,1.6987050634819419e-09,1.7725723666650595e-08,16.449496416802216,16.449496416858278,0.9999999999965918,"1.0,1.0,1.0"
analytical,1,60.0,corrected_xt3d,21,3,ok,1.3274151132778848e-09,1.3127294271243424e-09,3.279175542214574e-09,12.499999999637874,12.500000000000007,0.9999999999710293,"1.0,1.0,1.0"
analytical,1,0.0,planview,21,3,ok,5.470077105934751e-09,4.652451090259225e-09,9.331924122335522e-09,49.99999999878811,50.00000000000001,0.999999999975762,"1.0,1.0,1.0"
analytical,1,5.0,planview,21,3,ok,0.5351867510505487,0.595334141928654,0.7563391964765104,49.99686119445912,49.62019382530521,1.0075910096296685,"1.0,1.0,1.0"
analytical,1,10.0,planview,21,3,ok,2.1244856234003726,2.36324772200813,3.002375894757603,49.987540147150725,48.49231551964771,1.0308342592322117,"1.0,1.0,1.0"
analytical,1,15.0,planview,21,3,ok,4.719606449586453,5.250023392000179,6.669865203714764,49.972320076088884,46.650635094610976,1.0712034246638076,"1.0,1.0,1.0"
analytical,1,20.0,planview,21,3,ok,8.24169798190354,9.16794815237206,11.647372548711413,49.95166343396197,44.15111107797444,1.131379533025642,"1.0,1.0,1.0"
analytical,1,25.0,planview,21,3,ok,12.583743180760525,13.997977761464362,17.783658801081014,49.92619786213389,41.06969024216348,1.215645834379292,"1.0,1.0,1.0"
analytical,1,30.0,planview,21,3,ok,17.613811162097996,19.593354204752323,24.892276001327442,49.89669711786638,37.49999999999999,1.3305785898097704,"1.0,1.0,1.0"
analytical,1,35.0,planview,21,3,ok,23.179065897251807,25.784064787291708,32.75723239420753,49.86405756654245,33.55050358314172,1.4862387219605813,"1.0,1.0,1.0"
analytical,1,40.0,planview,21,3,ok,29.110409886924657,32.382007883325805,41.139555246229406,49.82927094841439,29.34120444167326,1.698269443828351,"1.0,1.0,1.0"
analytical,1,45.0,planview,21,3,ok,35.22762232490536,39.186708412740295,49.78455200750515,49.79339423773466,25.00000000000001,1.9917357695093854,"1.0,1.0,1.0"
analytical,1,50.0,planview,21,3,ok,41.34483476176123,45.991408937288405,58.42954876058688,49.75751752353474,20.658795558326748,2.408539132063749,"1.0,1.0,1.0"
analytical,1,55.0,planview,21,3,ok,47.276178759441564,52.58935204104701,66.81187161941476,49.72273090391534,16.449496416858278,3.022750948956526,"1.0,1.0,1.0"
analytical,1,60.0,planview,21,3,ok,52.841433487108525,58.78006261831152,74.6768280083085,49.690091355162814,12.500000000000007,3.975207308413023,"1.0,1.0,1.0"
analytical,1,0.0,planview_xt3d,21,3,ok,1.4192869010570452e-09,1.612771396010861e-09,2.8197305601551648e-09,49.99999999915006,50.00000000000001,0.9999999999830012,"1.0,1.0,1.0"
analytical,1,5.0,planview_xt3d,21,3,ok,0.5348229768803403,0.5952351601247762,0.7562388071079146,49.996802042065006,49.62019382530521,1.0075898175264228,"1.0,1.0,1.0"
analytical,1,10.0,planview_xt3d,21,3,ok,2.1237447375520597,2.362119148885028,3.002010914599146,49.98687276617341,48.49231551964771,1.0308204966191015,"1.0,1.0,1.0"
analytical,1,15.0,planview_xt3d,21,3,ok,4.714817756084348,5.2447104291606905,6.669700116303856,49.96917701847823,46.650635094610976,1.0711360502839244,"1.0,1.0,1.0"
analytical,1,20.0,planview_xt3d,21,3,ok,8.225083177654454,9.150414967537467,11.645166149800865,49.941315054188316,44.15111107797444,1.1311451475363306,"1.0,1.0,1.0"
analytical,1,25.0,planview_xt3d,21,3,ok,12.563395887557288,13.956606549488757,17.782829095522104,49.90171727593284,41.06969024216348,1.215049760095393,"1.0,1.0,1.0"
analytical,1,30.0,planview_xt3d,21,3,ok,17.55381250652271,19.50454907212082,24.88950747441279,49.84411904524693,37.49999999999999,1.3291765078732518,"1.0,1.0,1.0"
analytical,1,35.0,planview_xt3d,21,3,ok,23.063330575551973,25.61212192172069,32.74655434120074,49.762245349755084,33.55050358314172,1.4832041261747069,"1.0,1.0,1.0"
analytical,1,40.0,planview_xt3d,21,3,ok,28.906672778137498,32.06881329708983,41.139141585381815,49.64369123049099,29.34120444167326,1.691944559712148,"1.0,1.0,1.0"
analytical,1,45.0,planview_xt3d,21,3,ok,34.87256520974427,38.65680500830756,49.76296765094796,49.47953417916021,25.00000000000001,1.9791813671664076,"1.0,1.0,1.0"
analytical,1,50.0,planview_xt3d,21,3,ok,40.7571728439863,45.11199635538044,58.410530863431326,49.2365513730809,20.658795558326748,2.3833214881317506,"1.0,1.0,1.0"
analytical,1,55.0,planview_xt3d,21,3,ok,46.47114925032755,51.15603326330891,66.81925786687307,48.87253636980558,16.449496416858278,2.971065808417,"1.0,1.0,1.0"
analytical,1,60.0,planview_xt3d,21,3,ok,51.30045427344329,56.42930515822554,74.744933461396,48.29632853586903,12.500000000000007,3.86370628286952,"1.0,1.0,1.0"
analytical,1,0.0,provost_std,21,3,ok,5.470077105934751e-09,4.652451090259225e-09,9.331924122335522e-09,49.99999999878811,50.00000000000001,0.999999999975762,"1.0,1.0,1.0"
analytical,1,5.0,provost_std,21,3,ok,5.186423716622199,5.724054309985287,7.264776788808297,45.99894596791749,49.62019382530521,0.9270206829474141,"1.0,1.0,1.0"
analytical,1,10.0,provost_std,21,3,ok,8.606388647883426,9.425893261767303,11.952859768777358,42.52961256163742,48.49231551964771,0.8770381885436184,"1.0,1.0,1.0"
analytical,1,15.0,provost_std,21,3,ok,10.468531297977894,11.37830629997056,14.418413020917399,39.453305937753626,46.650635094610976,0.845718517180728,"1.0,1.0,1.0"
analytical,1,20.0,provost_std,21,3,ok,10.965402660160933,11.826948446299266,14.978138972452204,36.6703596443035,44.15111107797444,0.8305648204309213,"1.0,1.0,1.0"
analytical,1,25.0,provost_std,21,3,ok,10.289096553777492,11.009968912706478,13.936983758318936,34.10595494150588,41.06969024216348,0.8304410074778601,"1.0,1.0,1.0"
analytical,1,30.0,provost_std,21,3,ok,8.639150278130964,9.167991901681074,11.601275720582615,31.701463977920522,37.49999999999999,0.8453723727445475,"1.0,1.0,1.0"
analytical,1,35.0,provost_std,21,3,ok,6.225723508347699,6.5483328716948535,8.284410869153962,29.408916139545635,33.55050358314172,0.8765566235590835,"1.0,1.0,1.0"
analytical,1,40.0,provost_std,21,3,ok,3.2696502565692356,3.4056028030980303,4.307958758268074,27.187303957362047,29.34120444167326,0.926591272400119,"1.0,1.0,1.0"
analytical,1,45.0,provost_std,21,3,ok,1.0655617005109047e-09,1.4217474733336453e-09,2.581400371237663e-09,24.999999999430916,25.00000000000001,0.9999999999772361,"1.0,1.0,1.0"
analytical,1,50.0,provost_std,21,3,ok,3.3224210407466415,3.4057511788783525,4.30797566840669,22.812781940098198,20.658795558326748,1.104264857827264,"1.0,1.0,1.0"
analytical,1,55.0,provost_std,21,3,ok,6.428128574025782,6.549596408593238,8.284658118773109,20.591824988160614,16.449496416858278,1.2518209959945683,"1.0,1.0,1.0"
analytical,1,60.0,provost_std,21,3,ok,9.081104180977627,9.17261353486738,11.602540377807905,18.301270176459823,12.500000000000007,1.464101614116785,"1.0,1.0,1.0"
analytical,1,0.0,provost_xt3d,21,3,ok,1.4192869010570452e-09,1.612771396010861e-09,2.8197305601551648e-09,49.99999999915006,50.00000000000001,0.9999999999830012,"1.0,1.0,1.0"
analytical,1,5.0,provost_xt3d,21,3,ok,4.898935474898856e-08,1.3325574593064438e-08,1.866615056966836e-07,49.620193826878726,49.62019382530521,1.0000000000317113,"1.0,1.0,1.0"
analytical,1,10.0,provost_xt3d,21,3,ok,5.102489305687259e-08,4.2311693423113756e-08,1.0716713627623164e-07,48.49231552076278,48.49231551964771,1.000000000022995,"1.0,1.0,1.0"
analytical,1,15.0,provost_xt3d,21,3,ok,4.2326334687334115e-08,4.5911909270495924e-08,8.876166468496649e-08,46.65063509590585,46.650635094610976,1.000000000027757,"1.0,1.0,1.0"
analytical,1,20.0,provost_xt3d,21,3,ok,3.7840757885774216e-08,3.8441258711458306e-08,1.0181493148575527e-07,44.15111107811793,44.15111107797444,1.00000000000325,"1.0,1.0,1.0"
analytical,1,25.0,provost_xt3d,21,3,ok,3.6886103462872344e-08,2.0418982306700727e-08,1.421946310697919e-07,41.06969024255151,41.06969024216348,1.000000000009448,"1.0,1.0,1.0"
analytical,1,30.0,provost_xt3d,21,3,ok,7.311717876113609e-09,7.139293027108053e-09,1.435304652908087e-08,37.50000000179319,37.49999999999999,1.0000000000478186,"1.0,1.0,1.0"
analytical,1,35.0,provost_xt3d,21,3,ok,1.1997492187845375e-08,1.1102755398523092e-08,2.1851701004216295e-08,33.550503584541914,33.55050358314172,1.0000000000417342,"1.0,1.0,1.0"
analytical,1,40.0,provost_xt3d,21,3,ok,1.9902742855418785e-08,2.0756825530653428e-08,2.5528745783987006e-08,29.34120444179259,29.34120444167326,1.000000000004067,"1.0,1.0,1.0"
analytical,1,45.0,provost_xt3d,21,3,ok,2.967500843955373e-14,2.3603898398915115e-14,6.938893903907228e-14,24.999999999999996,25.00000000000001,0.9999999999999994,"1.0,1.0,1.0"
analytical,1,50.0,provost_xt3d,21,3,ok,3.326009955472313,3.405752506986403,4.307975708747809,22.812782783666503,20.658795558326748,1.1042648986606372,"1.0,1.0,1.0"
analytical,1,55.0,provost_xt3d,21,3,ok,6.436953156522076,6.549597005954269,8.28465813355002,20.591825349184678,16.449496416858278,1.251821017941992,"1.0,1.0,1.0"
analytical,1,60.0,provost_xt3d,21,3,ok,9.088674753380591,9.172613553089583,11.602540415021421,18.301270186500545,12.500000000000007,1.4641016149200428,"1.0,1.0,1.0"
analytical,2,0.0,corrected,42,6,ok,9.915860874117229e-09,9.188009744565078e-09,2.0602991535056958e-08,49.99999999938755,50.0,0.9999999999877509,"1.0,1.0,1.0"
analytical,2,5.0,corrected,42,6,ok,2.8031414048700438e-08,3.035872404135535e-08,4.0613838681036185e-08,49.62019381617676,49.6201938253052,0.9999999998160337,"1.0,1.0,1.0"
analytical,2,10.0,corrected,42,6,ok,4.545679539936139e-08,2.864034484138806e-08,1.8673898538601463e-07,48.492315525173524,48.49231551964771,1.0000000001139524,"1.0,1.0,1.0"
analytical,2,15.0,corrected,42,6,ok,5.6343930722666775e-08,3.553217677249628e-08,2.5395871516842305e-07,46.650635100066,46.65063509461098,1.0000000001169334,"1.0,1.0,1.0"
analytical,2,20.0,corrected,42,6,ok,3.697519258801223e-08,2.0719698761005028e-08,2.2996086979087949e-07,44.151111070136,44.15111107797446,0.9999999998224628,"1.0,1.0,1.0"
analytical,2,25.0,corrected,42,6,ok,3.8063583597120553e-08,4.163860502545339e-08,8.542944129885655e-08,41.06969024325709,41.06969024216348,1.0000000000266283,"1.0,1.0,1.0"
analytical,2,30.0,corrected,42,6,ok,1.330224995850664e-08,8.312026236936553e-09,3.426582628751618e-08,37.50000000353737,37.500000000000014,1.0000000000943294,"1.0,1.0,1.0"
analytical,2,35.0,corrected,42,6,ok,2.0279981900344533e-08,1.0820854401925254e-08,5.1035745074479166e-08,33.55050358680124,33.55050358314172,1.0000000001090752,"1.0,1.0,1.0"
analytical,2,40.0,corrected,42,6,ok,1.9508365083056255e-08,1.4113904123990048e-08,4.203824788273636e-08,29.341204438300203,29.34120444167326,0.9999999998850403,"1.0,1.0,1.0"
analytical,2,45.0,corrected,42,6,ok,2.025733149277022e-08,1.9314264074813303e-08,3.8273328950566565e-08,24.999999999947057,25.0,0.9999999999978822,"1.0,1.0,1.0"
analytical,2,50.0,corrected,42,6,ok,4.650909502834296e-09,3.901823026031388e-09,1.196621968180267e-08,20.6587955599687,20.658795558326748,1.0000000000794795,"1.0,1.0,1.0"
analytical,2,55.0,corrected,42,6,ok,1.1691055105008507e-08,1.719594678574254e-08,2.8985099043143947e-08,16.449496410248532,16.449496416858278,0.9999999995981793,"1.0,1.0,1.0"
analytical,2,60.0,corrected,42,6,ok,4.998377830218539e-09,7.047427256670152e-09,1.4154726002413298e-08,12.499999996908835,12.500000000000007,0.9999999997527063,"1.0,1.0,1.0"
analytical,2,0.0,corrected_xt3d,42,6,ok,3.1204671250530293e-09,2.8951899893747015e-09,8.812825469384222e-09,49.99999999878434,50.0,0.9999999999756867,"1.0,1.0,1.0"
analytical,2,5.0,corrected_xt3d,42,6,ok,2.959377021852674e-08,3.381255746870636e-08,4.446485540876566e-08,49.62019381811317,49.6201938253052,0.9999999998550585,"1.0,1.0,1.0"
analytical,2,10.0,corrected_xt3d,42,6,ok,4.951698009677815e-08,2.3466803812677004e-08,1.9605514434140048e-07,48.492315514409626,48.49231551964771,0.9999999998919812,"1.0,1.0,1.0"
analytical,2,15.0,corrected_xt3d,42,6,ok,5.708391003766394e-08,3.3439442906264884e-08,2.9160346359802247e-07,46.650635099430914,46.65063509461098,1.0000000001033198,"1.0,1.0,1.0"
analytical,2,20.0,corrected_xt3d,42,6,ok,3.9817720740700504e-08,2.0758284522287375e-08,2.8389279815854707e-07,44.15111107097564,44.15111107797446,0.9999999998414802,"1.0,1.0,1.0"
analytical,2,25.0,corrected_xt3d,42,6,ok,3.63987730751155e-08,4.192910896275376e-08,9.934936207045553e-08,41.06969024434686,41.06969024216348,1.0000000000531628,"1.0,1.0,1.0"
analytical,2,30.0,corrected_xt3d,42,6,ok,2.194214573465808e-08,2.2151309202020915e-08,5.18541459770816e-08,37.50000000896899,37.500000000000014,1.0000000002391727,"1.0,1.0,1.0"
analytical,2,35.0,corrected_xt3d,42,6,ok,2.2314357562079025e-08,2.5433008454110357e-08,4.700131950308162e-08,33.55050359409935,33.55050358314172,1.000000000326601,"1.0,1.0,1.0"
analytical,2,40.0,corrected_xt3d,42,6,ok,6.272616773543521e-09,2.2760726023779556e-09,2.1586982201782234e-08,29.341204441515757,29.34120444167326,0.9999999999946321,"1.0,1.0,1.0"
analytical,2,45.0,corrected_xt3d,42,6,ok,8.437907284160788e-09,7.956823988580724e-09,1.821721939965215e-08,25.000000003216204,25.0,1.000000000128648,"1.0,1.0,1.0"
analytical,2,50.0,corrected_xt3d,42,6,ok,3.1432448148797602e-09,2.3086534149781177e-09,1.6063365915197636e-08,20.658795556923174,20.658795558326748,0.9999999999320593,"1.0,1.0,1.0"
analytical,2,55.0,corrected_xt3d,42,6,ok,8.340005407810235e-09,2.4633725246266677e-09,3.265332448876279e-08,16.449496418131723,16.449496416858278,1.0000000000774156,"1.0,1.0,1.0"
analytical,2,60.0,corrected_xt3d,42,6,ok,3.202238568578036e-09,2.4920049013273167e-09,1.1309848890750374e-08,12.500000000750157,12.500000000000007,1.000000000060012,"1.0,1.0,1.0"
analytical,2,0.0,planview,42,6,ok,9.915860874117229e-09,9.188009744565078e-09,2.0602991535056958e-08,49.99999999938755,50.0,0.9999999999877509,"1.0,1.0,1.0"
analytical,2,5.0,planview,42,6,ok,0.5501322411354613,0.6231962875967301,0.9444857796544193,49.99635063937386,49.6201938253052,1.0075807203694724,"1.0,1.0,1.0"
analytical,2,10.0,planview,42,6,ok,2.1838133723905058,2.473849503545044,3.7492452307790467,49.98551343933978,48.49231551964771,1.0307924648202678,"1.0,1.0,1.0"
analytical,2,15.0,planview,42,6,ok,4.851404872028336,5.495728583802047,8.32905727597283,49.96781768797047,46.65063509461098,1.07110691176298,"1.0,1.0,1.0"
analytical,2,20.0,planview,42,6,ok,8.471853275914029,9.597015221094987,14.544766591864766,49.94380105556084,44.15111107797446,1.131201454191176,"1.0,1.0,1.0"
analytical,2,25.0,planview,42,6,ok,12.935153163766254,14.653093915371116,22.20751201126185,49.914193281904545,41.06969024216348,1.2153535365762511,"1.0,1.0,1.0"
analytical,2,30.0,planview,42,6,ok,18.105689344102906,20.51033821339852,31.084464833271596,49.87989397764555,37.500000000000014,1.3301305060705475,"1.0,1.0,1.0"
analytical,2,35.0,planview,42,6,ok,23.826357766163554,26.99077880088284,40.90590343739127,49.841945313871825,33.55050358314172,1.4855796483161028,"1.0,1.0,1.0"
analytical,2,40.0,planview,42,6,ok,29.923338769488918,33.89751071932214,51.37340832320632,49.80150033977993,29.34120444167326,1.6973229725037102,"1.0,1.0,1.0"
analytical,2,45.0,planview,42,6,ok,36.21137868899746,41.02067642911026,62.16892967390744,49.75978795683061,25.0,1.9903915182732241,"1.0,1.0,1.0"
analytical,2,50.0,planview,42,6,ok,42.49941860992247,48.14384213886115,72.96445101723658,49.718075573286605,20.658795558326748,2.406629923458786,"1.0,1.0,1.0"
analytical,2,55.0,planview,42,6,ok,48.59639961287925,55.05057405743216,83.43195590166762,49.67763059933016,16.449496416858278,3.0200092051704392,"1.0,1.0,1.0"
analytical,2,60.0,planview,42,6,ok,54.31706803459245,61.531014644380576,93.25339450504936,49.639681935202844,12.500000000000007,3.971174554816225,"1.0,1.0,1.0"
analytical,2,0.0,planview_xt3d,42,6,ok,3.1204671250530293e-09,2.8951899893747015e-09,8.812825469384222e-09,49.99999999878434,50.0,0.9999999999756867,"1.0,1.0,1.0"
analytical,2,5.0,planview_xt3d,42,6,ok,0.550116001802878,0.6231503701339026,0.9445440224125357,49.99632866243371,49.6201938253052,1.0075802774663225,"1.0,1.0,1.0"
analytical,2,10.0,planview_xt3d,42,6,ok,2.183649217732034,2.473116095229558,3.7493152192248633,49.98516194784648,48.49231551964771,1.0307852164245261,"1.0,1.0,1.0"
analytical,2,15.0,planview_xt3d,42,6,ok,4.848657984914572,5.491735035800564,8.329696263367186,49.96588360905805,46.65063509461098,1.0710654529723658,"1.0,1.0,1.0"
analytical,2,20.0,planview_xt3d,42,6,ok,8.462339424669777,9.583582391162569,14.54536198741685,49.93725355917518,44.15111107797446,1.1310531567593378,"1.0,1.0,1.0"
analytical,2,25.0,planview_xt3d,42,6,ok,12.917674832532295,14.620303087246675,22.20946802226316,49.89826879216996,41.06969024216348,1.2149657934586213,"1.0,1.0,1.0"
analytical,2,30.0,planview_xt3d,42,6,ok,18.066752027380865,20.441932230259305,31.090192341392488,49.84678980530587,37.500000000000014,1.3292477281414894,"1.0,1.0,1.0"
analytical,2,35.0,planview_xt3d,42,6,ok,23.725517594649414,26.851608187978407,40.912362205775935,49.77419074818591,33.55050358314172,1.4835601684737807,"1.0,1.0,1.0"
analytical,2,40.0,planview_xt3d,42,6,ok,29.776137332950444,33.658491765120885,51.391624363395756,49.68572801906298,29.34120444167326,1.6933772476120452,"1.0,1.0,1.0"
analytical,2,45.0,planview_xt3d,42,6,ok,35.9583815880794,40.61226176299342,62.1951319743928,49.56208760885277,25.0,1.9824835043541107,"1.0,1.0,1.0"
analytical,2,50.0,planview_xt3d,42,6,ok,42.06202247449076,47.44075876281628,73.00913978948958,49.37622428408899,20.658795558326748,2.3900824297662107,"1.0,1.0,1.0"
analytical,2,55.0,planview_xt3d,42,6,ok,47.887701795320645,53.941365738261176,83.51128727929162,49.141257327900014,16.449496416858278,2.987401929066811,"1.0,1.0,1.0"
analytical,2,60.0,planview_xt3d,42,6,ok,53.17336672169936,59.72346211733403,93.44528104239744,48.76685865338506,12.500000000000007,3.901348692270802,"1.0,1.0,1.0"
analytical,2,0.0,provost_std,42,6,ok,9.915860874117229e-09,9.188009744565078e-09,2.0602991535056958e-08,49.99999999938755,50.0,0.9999999999877509,"1.0,1.0,1.0"
analytical,2,5.0,provost_std,42,6,ok,5.324079714314211,5.991803959615634,9.071978770506806,46.004312030628526,49.6201938253052,0.9271288256670885,"1.0,1.0,1.0"
analytical,2,10.0,provost_std,42,6,ok,8.825450573342502,9.868169034226582,14.927943384945477,42.538140994218445,48.49231551964771,0.8772140603800039,"1.0,1.0,1.0"
analytical,2,15.0,provost_std,42,6,ok,10.72563920691231,11.914960094463527,18.010127987694453,39.46247296080135,46.65063509461098,0.8459150208945386,"1.0,1.0,1.0"
analytical,2,20.0,provost_std,42,6,ok,11.226321748748527,12.388267903748346,18.712667679384843,36.67827151467112,44.15111107797446,0.8307440202330197,"1.0,1.0,1.0"
analytical,2,25.0,provost_std,42,6,ok,10.526866448906166,11.536014921597905,17.414941900240745,34.111621312764626,41.06969024216348,0.8305789771393144,"1.0,1.0,1.0"
analytical,2,30.0,provost_std,42,6,ok,8.833206593248212,9.608909476333778,14.498520873911374,31.704749849664683,37.500000000000014,0.8454599959910579,"1.0,1.0,1.0"
analytical,2,35.0,provost_std,42,6,ok,6.36153835892447,6.865133228868247,10.35447717938931,29.410321795156097,33.55050358314172,0.8765985202658491,"1.0,1.0,1.0"
analytical,2,40.0,provost_std,42,6,ok,3.3386896891154434,3.5711466235684455,5.384776244040573,27.18763929921044,29.34120444167326,0.926602701441795,"1.0,1.0,1.0"
analytical,2,45.0,provost_std,42,6,ok,1.0925267423827576e-08,1.717089950297021e-08,2.9033386805821237e-08,24.999999991504534,25.0,0.9999999996601813,"1.0,1.0,1.0"
analytical,2,50.0,provost_std,42,6,ok,0.7458360401162558,0.7433648214867289,1.3077597856872518,20.202032212900846,20.658795558326748,0.9778901270339645,"1.0,1.0,1.0"
analytical,2,55.0,provost_std,42,6,ok,1.8783790917556697,1.9263264676657357,2.78246941299372,16.39520535116072,16.449496416858278,0.996699530227447,"1.0,1.0,1.0"
analytical,2,60.0,provost_std,42,6,ok,3.8901642276805632,4.007486379880708,6.133929930500901,13.250288494471533,12.500000000000007,1.0600230795577221,"1.0,1.0,1.0"
analytical,2,0.0,provost_xt3d,42,6,ok,3.1204671250530293e-09,2.8951899893747015e-09,8.812825469384222e-09,49.99999999878434,50.0,0.9999999999756867,"1.0,1.0,1.0"
analytical,2,5.0,provost_xt3d,42,6,ok,3.7969668619660606e-08,4.323508507954042e-08,5.6667281977951234e-08,49.620193824664526,49.6201938253052,0.9999999999870884,"1.0,1.0,1.0"
analytical,2,10.0,provost_xt3d,42,6,ok,4.4407405051766414e-08,2.5087743226056626e-08,1.8766230236444414e-07,48.492315519747635,48.49231551964771,1.0000000000020606,"1.0,1.0,1.0"
analytical,2,15.0,provost_xt3d,42,6,ok,4.702424309515606e-08,2.8170833173118365e-08,2.498052598109979e-07,46.650635095516165,46.65063509461098,1.0000000000194036,"1.0,1.0,1.0"
analytical,2,20.0,provost_xt3d,42,6,ok,4.055208347486517e-08,2.985855613491102e-08,2.2642956953866644e-07,44.151111077136086,44.15111107797446,0.9999999999810113,"1.0,1.0,1.0"
analytical,2,25.0,provost_xt3d,42,6,ok,3.4487666384263296e-08,3.8841019901195946e-08,7.210745889274506e-08,41.069690241862354,41.06969024216348,0.9999999999926679,"1.0,1.0,1.0"
analytical,2,30.0,provost_xt3d,42,6,ok,2.71608507540059e-09,3.09225654109757e-09,7.358391673761844e-09,37.50000000005426,37.500000000000014,1.0000000000014464,"1.0,1.0,1.0"
analytical,2,35.0,provost_xt3d,42,6,ok,1.483859290179594e-08,9.52394333535794e-09,3.302913498259841e-08,33.550503583857704,33.55050358314172,1.0000000000213407,"1.0,1.0,1.0"
analytical,2,40.0,provost_xt3d,42,6,ok,6.072458427982917e-09,5.427334301408461e-09,1.797425402960684e-08,29.34120444162644,29.34120444167326,0.9999999999984044,"1.0,1.0,1.0"
analytical,2,45.0,provost_xt3d,42,6,ok,6.629241609677411e-09,9.369475373156924e-09,1.2437349761196259e-08,24.999999995446654,25.0,0.9999999998178661,"1.0,1.0,1.0"
analytical,2,50.0,provost_xt3d,42,6,ok,1.3462754726968102,1.4110256066430333,2.229118473779164,21.16964799639907,20.658795558326748,1.0247280842985262,"1.0,1.0,1.0"
analytical,2,55.0,provost_xt3d,42,6,ok,2.7870143120545157,2.8973183657833763,4.561561690595524,17.381044023321994,16.449496416858278,1.0566307674628277,"1.0,1.0,1.0"
analytical,2,60.0,provost_xt3d,42,6,ok,4.40986312023152,4.548647710908773,7.1006714374856825,13.737146777302952,12.500000000000007,1.0989717421842355,"1.0,1.0,1.0"
analytical,3,0.0,corrected,63,9,ok,4.610459579351088e-08,6.234972028449388e-08,1.376365688088299e-07,49.99999999659738,50.0,0.9999999999319477,"1.0,1.0,1.0"
analytical,3,5.0,corrected,63,9,ok,5.0892735382994897e-08,2.832307144147951e-08,1.5384746254731851e-07,49.620193825164215,49.62019382530519,0.9999999999971588,"1.0,1.0,1.0"
analytical,3,10.0,corrected,63,9,ok,4.954058050658644e-08,2.9348120633259498e-08,1.855593734223504e-07,48.492315534402856,48.49231551964769,1.0000000003042786,"1.0,1.0,1.0"
analytical,3,15.0,corrected,63,9,ok,6.346029888559238e-08,3.726778176579615e-08,1.845623653906614e-07,46.65063509253882,46.650635094611,0.999999999955581,"1.0,1.0,1.0"
analytical,3,20.0,corrected,63,9,ok,4.9133013990113403e-08,2.1805597044161228e-08,2.0109475196150584e-07,44.15111108733886,44.15111107797447,1.0000000002120988,"1.0,1.0,1.0"
analytical,3,25.0,corrected,63,9,ok,6.133916743601267e-08,5.4584619314292114e-08,1.0233208724841347e-07,41.069690244075325,41.069690242163475,1.0000000000465514,"1.0,1.0,1.0"
analytical,3,30.0,corrected,63,9,ok,4.364056585051641e-08,2.3564437070733364e-08,1.1025798329900027e-07,37.50000001043684,37.5,1.0000000002783158,"1.0,1.0,1.0"
analytical,3,35.0,corrected,63,9,ok,4.4773212168505156e-08,2.0348398613283253e-08,1.0890482959879932e-07,33.550503588741556,33.550503583141705,1.0000000001669083,"1.0,1.0,1.0"
analytical,3,40.0,corrected,63,9,ok,5.212909738066306e-08,4.5027763511935886e-08,1.1246659159525052e-07,29.34120444416529,29.341204441673266,1.0000000000849325,"1.0,1.0,1.0"
analytical,3,45.0,corrected,63,9,ok,3.662480657658376e-08,3.5053547968256897e-08,9.266291900456025e-08,24.999999990785298,25.000000000000007,0.9999999996314116,"1.0,1.0,1.0"
analytical,3,50.0,corrected,63,9,ok,1.1543558343142955e-08,1.288606789156184e-08,2.7410129721516796e-08,20.65879555396097,20.658795558326748,0.9999999997886724,"1.0,1.0,1.0"
analytical,3,55.0,corrected,63,9,ok,2.069381768560351e-08,2.0341013051781305e-08,4.187655083809361e-08,16.44949640689026,16.449496416858278,0.9999999993940228,"1.0,1.0,1.0"
analytical,3,60.0,corrected,63,9,ok,1.756377765527676e-08,1.7420517680994226e-08,3.6986254337012525e-08,12.499999994605263,12.500000000000007,0.9999999995684203,"1.0,1.0,1.0"
analytical,3,0.0,corrected_xt3d,63,9,ok,3.0322157107827485e-08,2.922363087429905e-08,1.473978439303636e-07,49.9999999943574,50.0,0.999999999887148,"1.0,1.0,1.0"
analytical,3,5.0,corrected_xt3d,63,9,ok,6.165796389351308e-08,4.543538539457823e-08,1.627706996965017e-07,49.62019383377018,49.62019382530519,1.0000000001705955,"1.0,1.0,1.0"
analytical,3,10.0,corrected_xt3d,63,9,ok,6.432840629493228e-08,6.659790073669165e-08,1.842828251108486e-07,48.49231555105293,48.49231551964769,1.0000000006476335,"1.0,1.0,1.0"
analytical,3,15.0,corrected_xt3d,63,9,ok,3.439670574223223e-08,2.07121160387297e-08,2.3441182328554078e-07,46.650635087926844,46.650635094611,0.999999999856719,"1.0,1.0,1.0"
analytical,3,20.0,corrected_xt3d,63,9,ok,5.409327489659648e-08,5.784289957768986e-08,2.0340434891963355e-07,44.15111109864195,44.15111107797447,1.0000000004681078,"1.0,1.0,1.0"
analytical,3,25.0,corrected_xt3d,63,9,ok,3.091410686069375e-08,3.05491958411795e-08,1.8094672982194027e-07,41.0696902528089,41.069690242163475,1.0000000002592038,"1.0,1.0,1.0"
analytical,3,30.0,corrected_xt3d,63,9,ok,1.677152413200689e-08,1.7565854185028656e-08,4.112932217026355e-08,37.50000001030948,37.5,1.0000000002749196,"1.0,1.0,1.0"
analytical,3,35.0,corrected_xt3d,63,9,ok,3.122274777611021e-08,2.4697069427316166e-08,7.58832996439196e-08,33.55050358825531,33.550503583141705,1.0000000001524152,"1.0,1.0,1.0"
analytical,3,40.0,corrected_xt3d,63,9,ok,2.1856124391929586e-08,2.3411970462010033e-08,5.7787899465644443e-08,29.341204451299937,29.341204441673266,1.000000000328094,"1.0,1.0,1.0"
analytical,3,45.0,corrected_xt3d,63,9,ok,2.5776717988628373e-08,2.6279563473095156e-08,6.920848616420727e-08,25.000000007763017,25.000000000000007,1.0000000003105203,"1.0,1.0,1.0"
analytical,3,50.0,corrected_xt3d,63,9,ok,1.8207038040366256e-08,2.4094480738550848e-08,5.0496308523495514e-08,20.658795568912595,20.658795558326748,1.0000000005124137,"1.0,1.0,1.0"
analytical,3,55.0,corrected_xt3d,63,9,ok,1.3640557556503203e-08,1.732883260596976e-08,3.471799930876429e-08,16.44949642316047,16.449496416858278,1.0000000003831238,"1.0,1.0,1.0"
analytical,3,60.0,corrected_xt3d,63,9,ok,6.744070278660838e-09,7.559981772148627e-09,2.2343515926337432e-08,12.499999999422196,12.500000000000007,0.9999999999537751,"1.0,1.0,1.0"
analytical,3,0.0,planview,63,9,ok,4.610459579351088e-08,6.234972028449388e-08,1.376365688088299e-07,49.99999999659738,50.0,0.9999999999319477,"1.0,1.0,1.0"
analytical,3,5.0,planview,63,9,ok,0.5544137039373151,0.6320289836150327,1.0070849427923911,49.99612714483555,49.62019382530519,1.0075762162649724,"1.0,1.0,1.0"
analytical,3,10.0,planview,63,9,ok,2.200809258839629,2.5089120859891088,3.997740057514215,49.98462626223778,48.49231551964769,1.0307741696101407,"1.0,1.0,1.0"
analytical,3,15.0,planview,63,9,ok,4.889161709130893,5.573621118214045,8.881095745553708,49.96584678610039,46.650635094611,1.071064663637824,"1.0,1.0,1.0"
analytical,3,20.0,planview,63,9,ok,8.537786905876594,9.733036487618111,15.508773739201342,49.94035933991419,44.15111107797447,1.1311235010986573,"1.0,1.0,1.0"
analytical,3,25.0,planview,63,9,ok,13.035823155133741,14.860776443487456,23.679395409057197,49.9089383330149,41.069690242163475,1.2152255845790814,"1.0,1.0,1.0"
analytical,3,30.0,planview,63,9,ok,18.246599936903543,20.8010372141049,33.144700547322884,49.87253848332589,37.5,1.329934359555357,"1.0,1.0,1.0"
analytical,3,35.0,planview,63,9,ok,24.01179042917622,27.37332697432839,43.61709063636465,49.83226578022705,33.550503583141705,1.4852911419567045,"1.0,1.0,1.0"
analytical,3,40.0,planview,63,9,ok,30.156222216885265,34.37795001971674,54.7783673798623,49.789343889149045,29.341204441673266,1.6969086592244087,"1.0,1.0,1.0"
analytical,3,45.0,planview,63,9,ok,36.49319986839493,41.60207439596812,66.28940103531214,49.74507694871034,25.000000000000007,1.9898030779484128,"1.0,1.0,1.0"
analytical,3,50.0,planview,63,9,ok,42.8301775331108,48.826198845733714,77.80043480116008,49.70081005146415,20.658795558326748,2.4057941766809203,"1.0,1.0,1.0"
analytical,3,55.0,planview,63,9,ok,48.97460933505099,55.83082189990784,88.96171157354951,49.65788815995239,16.449496416858278,3.0188090201387854,"1.0,1.0,1.0"
analytical,3,60.0,planview,63,9,ok,54.73979981697443,62.40311164970967,99.43410165122008,49.61761545606614,12.500000000000007,3.969409236485289,"1.0,1.0,1.0"
analytical,3,0.0,planview_xt3d,63,9,ok,3.0322157107827485e-08,2.922363087429905e-08,1.473978439303636e-07,49.9999999943574,50.0,0.999999999887148,"1.0,1.0,1.0"
analytical,3,5.0,planview_xt3d,63,9,ok,0.5543984249292208,0.6319836245988946,1.0070807700620077,49.99610693679932,49.62019382530519,1.007575809010694,"1.0,1.0,1.0"
analytical,3,10.0,planview_xt3d,63,9,ok,2.2001364221041015,2.5081397786560684,3.997675159818442,49.98427935404834,48.49231551964769,1.0307670157304851,"1.0,1.0,1.0"
analytical,3,15.0,planview_xt3d,63,9,ok,4.88610133763829,5.569669168191849,8.881224609426836,49.964071369753405,46.650635094611,1.0710266059277116,"1.0,1.0,1.0"
analytical,3,20.0,planview_xt3d,63,9,ok,8.530005311804025,9.720615730378938,15.509753939760257,49.9348051886242,44.15111107797447,1.1309977024232813,"1.0,1.0,1.0"
analytical,3,25.0,planview_xt3d,63,9,ok,13.01867887318324,14.82997643276149,23.6816013874907,49.895181196176,41.069690242163475,1.214890614026399,"1.0,1.0,1.0"
analytical,3,30.0,planview_xt3d,63,9,ok,18.20535696016329,20.733740557879887,33.14950009288253,49.842438276675644,37.5,1.3291316873780172,"1.0,1.0,1.0"
analytical,3,35.0,planview_xt3d,63,9,ok,23.949630669627854,27.247779826458704,43.62922533710964,49.77633893898174,33.550503583141705,1.4836241970446342,"1.0,1.0,1.0"
analytical,3,40.0,planview_xt3d,63,9,ok,30.005530575871678,34.143230177726316,54.79624177586898,49.68418335671274,29.341204441673266,1.693324602794641,"1.0,1.0,1.0"
analytical,3,45.0,planview_xt3d,63,9,ok,36.255382311143364,41.19733520489105,66.32292770423204,49.56344205993505,25.000000000000007,1.9825376823974012,"1.0,1.0,1.0"
analytical,3,50.0,planview_xt3d,63,9,ok,42.45854454230153,48.16749374661284,77.85895283870789,49.40602028720707,20.658795558326748,2.391524721163788,"1.0,1.0,1.0"
analytical,3,55.0,planview_xt3d,63,9,ok,48.35181507828342,54.75811115231327,89.06304510863731,49.177724673711595,16.449496416858278,2.9896188568612816,"1.0,1.0,1.0"
analytical,3,60.0,planview_xt3d,63,9,ok,53.710428129532,60.65781535051742,99.63974716635768,48.83829284411612,12.500000000000007,3.907063427529287,"1.0,1.0,1.0"
analytical,3,0.0,provost_std,63,9,ok,4.610459579351088e-08,6.234972028449388e-08,1.376365688088299e-07,49.99999999659738,50.0,0.9999999999319477,"1.0,1.0,1.0"
analytical,3,5.0,provost_std,63,9,ok,5.363438172752144,6.076847145477142,9.673111239742294,46.006540122659025,49.62019382530519,0.9271737285958911,"1.0,1.0,1.0"
analytical,3,10.0,provost_std,63,9,ok,8.888142570170551,10.008910456132933,15.91752719901081,42.54162291439892,48.49231551964769,0.8772858639254354,"1.0,1.0,1.0"
analytical,3,15.0,provost_std,63,9,ok,10.79946117923347,12.086054122236407,19.20498732204984,39.46621991794593,46.650635094611,0.8459953404258155,"1.0,1.0,1.0"
analytical,3,20.0,provost_std,63,9,ok,11.301642606588437,12.567560817669506,19.95535915264285,36.681552591378576,44.15111107797447,0.8308183349360327,"1.0,1.0,1.0"
analytical,3,25.0,provost_std,63,9,ok,10.596018628260138,11.704359224685211,18.57264917198098,34.11403888159784,41.069690242163475,0.8306378421762545,"1.0,1.0,1.0"
analytical,3,30.0,provost_std,63,9,ok,8.890195376185067,9.750284041505628,15.463334168606874,31.706220193341775,37.5,0.8454992051557807,"1.0,1.0,1.0"
analytical,3,35.0,provost_std,63,9,ok,6.401918495695886,6.966913194786751,11.044098140335802,29.41100356342212,33.550503583141705,0.8766188409225673,"1.0,1.0,1.0"
analytical,3,40.0,provost_std,63,9,ok,3.35954052921589,3.624439518662722,5.743618674627984,27.187828264474014,29.341204441673266,0.9266091417112783,"1.0,1.0,1.0"
analytical,3,45.0,provost_std,63,9,ok,1.0395974158072275e-08,1.68443949101545e-08,3.21605242437073e-08,24.999999989387984,25.000000000000007,0.999999999575519,"1.0,1.0,1.0"
analytical,3,50.0,provost_std,63,9,ok,0.9776417452019622,1.0086653067985338,1.8522402118186163,19.768078917211604,20.658795558326748,0.956884386671994,"1.0,1.0,1.0"
analytical,3,55.0,provost_std,63,9,ok,0.9555622949735796,0.954936802356549,1.8916134968786549,15.765739406163721,16.449496416858278,0.9584329517836299,"1.0,1.0,1.0"
analytical,3,60.0,provost_std,63,9,ok,2.08535595007823,2.1513593998888743,3.483519051123027,12.582378591135761,12.500000000000007,1.0065902872908603,"1.0,1.0,1.0"
analytical,3,0.0,provost_xt3d,63,9,ok,3.0322157107827485e-08,2.922363087429905e-08,1.473978439303636e-07,49.9999999943574,50.0,0.999999999887148,"1.0,1.0,1.0"
analytical,3,5.0,provost_xt3d,63,9,ok,8.815090121238318e-08,6.613922933136412e-08,1.6953485837412074e-07,49.620193826128514,49.62019382530519,1.0000000000165925,"1.0,1.0,1.0"
analytical,3,10.0,provost_xt3d,63,9,ok,3.330990504232595e-08,2.032313050259417e-08,1.7591109124914794e-07,48.492315521349134,48.49231551964769,1.0000000000350868,"1.0,1.0,1.0"
analytical,3,15.0,provost_xt3d,63,9,ok,2.0214187659592846e-08,1.4090851495351416e-08,1.8491905229289785e-07,46.650635096918975,46.650635094611,1.0000000000494738,"1.0,1.0,1.0"
analytical,3,20.0,provost_xt3d,63,9,ok,3.283882201030771e-08,2.1542501968083977e-08,2.0306653580881573e-07,44.15111107928476,44.15111107797447,1.0000000000296774,"1.0,1.0,1.0"
analytical,3,25.0,provost_xt3d,63,9,ok,1.4566890661964765e-08,6.426383934242124e-09,1.2447336217302762e-07,41.0696902439718,41.069690242163475,1.0000000000440306,"1.0,1.0,1.0"
analytical,3,30.0,provost_xt3d,63,9,ok,4.08987802999872e-08,3.3131754841187675e-08,8.066666778994147e-08,37.500000002490985,37.5,1.0000000000664264,"1.0,1.0,1.0"
analytical,3,35.0,provost_xt3d,63,9,ok,2.0580684350357126e-08,1.6461473509048735e-08,4.4467443616191815e-08,33.550503585420905,33.550503583141705,1.0000000000679334,"1.0,1.0,1.0"
analytical,3,40.0,provost_xt3d,63,9,ok,1.4739517583695875e-08,1.7244146496348697e-08,3.6065941899643406e-08,29.341204433994413,29.341204441673266,0.9999999997382911,"1.0,1.0,1.0"
analytical,3,45.0,provost_xt3d,63,9,ok,1.414027932707505e-08,1.810900887512912e-08,3.363884865104083e-08,24.99999999026335,25.000000000000007,0.9999999996105338,"1.0,1.0,1.0"
analytical,3,50.0,provost_xt3d,63,9,ok,0.8258791855899474,0.8718321912726247,1.4860926018792768,20.885952723705827,20.658795558326748,1.0109956635534603,"1.0,1.0,1.0"
analytical,3,55.0,provost_xt3d,63,9,ok,1.709260841323575,1.7883263660826754,3.0407938746126186,16.87603904667356,16.449496416858278,1.0259304369572155,"1.0,1.0,1.0"
analytical,3,60.0,provost_xt3d,63,9,ok,2.687522373673805,2.787354523046037,4.7133623402367615,13.118511524587698,12.500000000000007,1.0494809219670151,"1.0,1.0,1.0"
noflow,1,0.0,corrected,21,3,ok,1.0190613700121327e-08,5.979750437390881e-09,1.8125362322152228e-08,50.00000000114586,50.00000000000001,1.000000000022917,"1.0,1.0,1.0"
noflow,1,5.0,corrected,21,3,ok,1.2975610795506093e-08,8.815200507571762e-09,2.4016844069052468e-08,49.620193828576,49.62019382530521,1.0000000000659166,"1.0,1.0,1.0"
noflow,1,10.0,corrected,21,3,ok,3.570220192807071e-08,3.665428502371675e-08,4.348416071664474e-08,48.49231551690038,48.49231551964771,0.9999999999433452,"1.0,1.0,1.0"
noflow,1,15.0,corrected,21,3,ok,5.266481025576202e-08,5.098510299673345e-08,6.509971728352326e-08,46.650635092016685,46.650635094610976,0.9999999999443889,"1.0,1.0,1.0"
noflow,1,20.0,corrected,21,3,ok,3.776922410627356e-08,3.586507553543065e-08,4.898358108018641e-08,44.15111107992507,44.15111107797444,1.0000000000441809,"1.0,1.0,1.0"
noflow,1,25.0,corrected,21,3,ok,1.9406230444198092e-08,1.7259823853196826e-08,2.9160923675775052e-08,41.06969024467428,41.06969024216348,1.000000000061135,"1.0,1.0,1.0"
noflow,1,30.0,corrected,21,3,ok,6.465048521888538e-09,3.0903984909681013e-09,1.4848955398605312e-08,37.49999999890822,37.49999999999999,0.9999999999708861,"1.0,1.0,1.0"
noflow,1,35.0,corrected,21,3,ok,7.753618659999584e-09,7.99976287514757e-09,1.2403647553504982e-08,33.55050358265486,33.55050358314172,0.9999999999854889,"1.0,1.0,1.0"
noflow,1,40.0,corrected,21,3,ok,2.019856119336458e-08,1.8228833586474966e-08,2.771342877405658e-08,29.34120444328017,29.34120444167326,1.0000000000547662,"1.0,1.0,1.0"
noflow,1,45.0,corrected,21,3,ok,1.632588489899285e-09,1.5991972684931311e-09,4.208085269130635e-09,25.000000000736463,25.00000000000001,1.000000000029458,"1.0,1.0,1.0"
noflow,1,50.0,corrected,21,3,ok,2.1754881928324066e-08,2.1746162741783638e-08,2.544782440327964e-08,20.65879555883379,20.658795558326748,1.000000000024544,"1.0,1.0,1.0"
noflow,1,55.0,corrected,21,3,ok,3.0714738035546047e-09,2.0843996460391807e-09,6.060499324611612e-09,16.44949641565524,16.449496416858278,0.9999999999268647,"1.0,1.0,1.0"
noflow,1,60.0,corrected,21,3,ok,1.1505631019166554e-09,1.4154028132964227e-09,2.1638038583127184e-09,12.499999999255898,12.500000000000007,0.9999999999404713,"1.0,1.0,1.0"
noflow,1,0.0,corrected_xt3d,21,3,ok,5.575491706992301e-10,4.710564483356833e-10,1.0847711617856248e-09,50.00000000003141,50.00000000000001,1.0000000000006282,"1.0,1.0,1.0"
noflow,1,5.0,corrected_xt3d,21,3,ok,1.8446313855097562,0.04224787202069754,5.933945226583651,49.61650420910002,49.62019382530521,0.9999256428498007,"1.0,1.0,1.0"
noflow,1,10.0,corrected_xt3d,21,3,ok,3.577027878774577,0.08188045209144255,11.852933149547079,48.4781796323545,48.49231551964771,0.9997084922189892,"1.0,1.0,1.0"
noflow,1,15.0,corrected_xt3d,21,3,ok,5.078987890596972,0.11461796958369969,17.172962289681557,46.62325668118757,46.650635094610976,0.9994131180986523,"1.0,1.0,1.0"
noflow,1,20.0,corrected_xt3d,21,3,ok,6.262333430436547,0.13842564231118631,21.68545856656451,44.11037164007968,44.15111107797444,0.9990772726461445,"1.0,1.0,1.0"
noflow,1,25.0,corrected_xt3d,21,3,ok,7.1049765477477465,0.14877619625430175,25.288860855494672,41.020074967363996,41.06969024216348,0.9987919247866995,"1.0,1.0,1.0"
noflow,1,30.0,corrected_xt3d,21,3,ok,7.489199530611454,0.14343301935326197,27.291861738443295,37.448536853289454,37.49999999999999,0.9986276494210524,"1.0,1.0,1.0"
noflow,1,35.0,corrected_xt3d,21,3,ok,7.475037584946625,0.1254557004729981,27.93224451254586,33.503281983055096,33.55050358314172,0.9985925218687225,"1.0,1.0,1.0"
noflow,1,40.0,corrected_xt3d,21,3,ok,7.079101711435163,0.10040875260486591,27.10114617327239,29.30245933204705,29.34120444167326,0.9986794983245071,"1.0,1.0,1.0"
noflow,1,45.0,corrected_xt3d,21,3,ok,6.355454562733802,0.06873840485932925,24.91729204320821,24.973596377501384,25.00000000000001,0.9989438551000549,"1.0,1.0,1.0"
noflow,1,50.0,corrected_xt3d,21,3,ok,5.3953711362300165,0.04139866566887185,21.62163070461115,20.64316286707477,20.658795558326748,0.9992432912553959,"1.0,1.0,1.0"
noflow,1,55.0,corrected_xt3d,21,3,ok,4.370449788918915,0.022217274178987223,18.12942222792789,16.441417163774513,16.449496416858278,0.9995088449591999,"1.0,1.0,1.0"
noflow,1,60.0,corrected_xt3d,21,3,ok,3.174042883455339,0.008486418300690184,13.168482762915614,12.497042712237786,12.500000000000007,0.9997634169790223,"1.0,1.0,1.0"
noflow,1,0.0,planview,21,3,ok,1.0190613700121327e-08,5.979750437390881e-09,1.8125362322152228e-08,50.00000000114586,50.00000000000001,1.000000000022917,"1.0,1.0,1.0"
noflow,1,5.0,planview,21,3,ok,0.6005262787615167,0.6005262805247615,0.7596123488551876,50.00000000092801,49.62019382530521,1.0076542662642545,"1.0,1.0,1.0"
noflow,1,10.0,planview,21,3,ok,2.383858513554159,2.383858514717355,3.015369010342439,50.00000000059153,48.49231551964771,1.0310912041379618,"1.0,1.0,1.0"
noflow,1,15.0,planview,21,3,ok,5.2958108632376355,5.295810864486929,6.698729780082805,50.00000000061151,46.650635094610976,1.0717967697375987,"1.0,1.0,1.0"
noflow,1,20.0,planview,21,3,ok,9.24790535053993,9.247905350775465,11.697777816799078,50.00000000004685,44.15111107797444,1.1324743314328558,"1.0,1.0,1.0"
noflow,1,25.0,planview,21,3,ok,14.120059502858359,14.120059502255723,17.860619507941085,49.999999999551896,41.06969024216348,1.2174428320430881,"1.0,1.0,1.0"
noflow,1,30.0,planview,21,3,ok,19.764235376152204,19.76423537436049,25.000000016401014,49.99999999882992,37.49999999999999,1.3333333333021313,"1.0,1.0,1.0"
noflow,1,35.0,planview,21,3,ok,26.008937528130893,26.008937525988475,32.89899285835693,49.9999999986233,33.55050358314172,1.4902905965246687,"1.0,1.0,1.0"
noflow,1,40.0,planview,21,3,ok,32.66442382036768,32.664423818688675,41.317591110481594,49.99999999892775,29.34120444167326,1.7040881910053032,"1.0,1.0,1.0"
noflow,1,45.0,planview,21,3,ok,39.528470752230504,39.52847075089282,50.000000015389915,49.99999999910252,25.00000000000001,1.9999999999640998,"1.0,1.0,1.0"
noflow,1,50.0,planview,21,3,ok,46.392517683980486,46.3925176828105,58.682408919170534,49.99999999909998,20.658795558326748,2.4202766254176398,"1.0,1.0,1.0"
noflow,1,55.0,planview,21,3,ok,53.04800398563204,53.048003985064945,67.1010071755331,49.99999999935744,16.449496416858278,3.0396067291224127,"1.0,1.0,1.0"
noflow,1,60.0,planview,21,3,ok,59.29270612823255,59.292706127119686,75.00000001409306,49.999999999177554,12.500000000000007,3.999999999934202,"1.0,1.0,1.0"
noflow,1,0.0,planview_xt3d,21,3,ok,5.575491706992301e-10,4.710564483356833e-10,1.0847711617856248e-09,50.00000000003141,50.00000000000001,1.0000000000006282,"1.0,1.0,1.0"
noflow,1,5.0,planview_xt3d,21,3,ok,1.9638130011438468,0.59565640471613,6.768971405508709,49.99619598470535,49.62019382530521,1.007577603600742,"1.0,1.0,1.0"
noflow,1,10.0,planview_xt3d,21,3,ok,4.466028991667843,2.358598720506657,15.489006455878778,49.98403692784285,48.49231551964771,1.0307620164599223,"1.0,1.0,1.0"
noflow,1,15.0,planview_xt3d,21,3,ok,7.813057727517931,5.236645846394085,25.998840574662328,49.963844499034415,46.650635094610976,1.071021742741637,"1.0,1.0,1.0"
noflow,1,20.0,planview_xt3d,21,3,ok,12.106876163460019,9.136591627451821,38.48911496178664,49.932805509419964,44.15111107797444,1.130952410715884,"1.0,1.0,1.0"
noflow,1,25.0,planview_xt3d,21,3,ok,17.35379000789928,13.93695697200371,53.314822776101586,49.88995059172051,41.06969024216348,1.2147632547883662,"1.0,1.0,1.0"
noflow,1,30.0,planview_xt3d,21,3,ok,23.398048591361864,19.4852006439255,69.9395995257411,49.8329156042469,37.49999999999999,1.3288777494465842,"1.0,1.0,1.0"
noflow,1,35.0,planview_xt3d,21,3,ok,30.16976505189514,25.597589243317387,89.09626758440055,49.754162492084085,33.55050358314172,1.4829632100390975,"1.0,1.0,1.0"
noflow,1,40.0,planview_xt3d,21,3,ok,37.53462644745219,32.06645230650982,111.02679327011151,49.642891027396345,29.34120444167326,1.6919172873792678,"1.0,1.0,1.0"
noflow,1,45.0,planview_xt3d,21,3,ok,45.3844740996565,38.687022173788485,136.44428196769664,49.498380113256786,25.00000000000001,1.9799352045302705,"1.0,1.0,1.0"
noflow,1,50.0,planview_xt3d,21,3,ok,53.69124519765342,45.19360506528055,166.64813645117377,49.28606334741605,20.658795558326748,2.385718141615026,"1.0,1.0,1.0"
noflow,1,55.0,planview_xt3d,21,3,ok,62.734657576950404,51.29578676096601,208.09481620638618,48.95687900405236,16.449496416858278,2.9761931771892343,"1.0,1.0,1.0"
noflow,1,60.0,planview_xt3d,21,3,ok,72.4748519815608,56.703516751656366,253.2488903482347,48.46145387093416,12.500000000000007,3.8769163096747303,"1.0,1.0,1.0"
noflow,1,0.0,provost_std,21,3,ok,1.0190613700121327e-08,5.979750437390881e-09,1.8125362322152228e-08,50.00000000114586,50.00000000000001,1.000000000022917,"1.0,1.0,1.0"
noflow,1,5.0,provost_std,21,3,ok,5.5939865711937635,5.749839032737322,8.794816228392218,45.98356743676065,49.62019382530521,0.9267107580968384,"1.0,1.0,1.0"
noflow,1,10.0,provost_std,21,3,ok,9.180846305449679,9.452678936889631,14.615206255286548,42.5139250493887,48.49231551964771,0.8767146834257331,"1.0,1.0,1.0"
noflow,1,15.0,provost_std,21,3,ok,11.070664092696852,11.396771534961635,17.944062823794336,39.4428365625495,46.650635094610976,0.8454940963302318,"1.0,1.0,1.0"
noflow,1,20.0,provost_std,21,3,ok,11.559024540435441,11.835943076874539,19.17756987648661,36.66564882320644,44.15111107797444,0.8304581227514735,"1.0,1.0,1.0"
noflow,1,25.0,provost_std,21,3,ok,10.978580767974691,11.012098694076325,18.671500706384972,34.10529311388579,41.06969024216348,0.8304248927320174,"1.0,1.0,1.0"
noflow,1,30.0,provost_std,21,3,ok,9.784558995185439,9.166845796563424,19.484753808042058,31.702598565415194,37.49999999999999,0.8454026284110719,"1.0,1.0,1.0"
noflow,1,35.0,provost_std,21,3,ok,8.728334228174784,6.546773053495346,29.605759110024472,29.410097602317997,33.55050358314172,0.8765918380162803,"1.0,1.0,1.0"
noflow,1,40.0,provost_std,21,3,ok,8.972874125811586,3.4049083063668175,42.532514064597834,27.18780296158757,29.34120444167326,0.9266082793442787,"1.0,1.0,1.0"
noflow,1,45.0,provost_std,21,3,ok,11.465288544983911,0.00015001749042975452,60.35533905600561,25.000043262197455,25.00000000000001,1.0000017304878976,"1.0,1.0,1.0"
noflow,1,50.0,provost_std,21,3,ok,12.076234824431866,3.405772187930316,63.58534002539043,22.812796346103365,20.658795558326748,1.1042655551576155,"1.0,1.0,1.0"
noflow,1,55.0,provost_std,21,3,ok,13.568591881018426,6.549600296504098,67.64606154443773,20.5918275331348,16.449496416858278,1.2518211507089816,"1.0,1.0,1.0"
noflow,1,60.0,provost_std,21,3,ok,15.52536428782891,9.172613613165488,73.22888729884218,18.301270224512905,12.500000000000007,1.4641016179610316,"1.0,1.0,1.0"
noflow,1,0.0,provost_xt3d,21,3,ok,5.575491706992301e-10,4.710564483356833e-10,1.0847711617856248e-09,50.00000000003141,50.00000000000001,1.0000000000006282,"1.0,1.0,1.0"
noflow,1,5.0,provost_xt3d,21,3,ok,1.8283970295320815,0.036500031063773995,6.2183140528050265,49.62139837188868,49.62019382530521,1.0000242753300748,"1.0,1.0,1.0"
noflow,1,10.0,provost_xt3d,21,3,ok,3.5599753622383665,0.0577476134186958,13.015543356828141,48.49622316594082,48.49231551964771,1.0000805827944332,"1.0,1.0,1.0"
noflow,1,15.0,provost_xt3d,21,3,ok,5.16936055846916,0.06233068505578323,20.217602979625564,46.657066004049454,46.650635094610976,1.000137852559251,"1.0,1.0,1.0"
noflow,1,20.0,provost_xt3d,21,3,ok,6.637306675366904,0.05318524451573962,27.628830610870043,44.15850162981704,44.15111107797444,1.0001673922051373,"1.0,1.0,1.0"
noflow,1,25.0,provost_xt3d,21,3,ok,7.949391935941443,0.03654319632202587,35.03934237733658,41.07607162645698,41.06969024216348,1.000155379411334,"1.0,1.0,1.0"
noflow,1,30.0,provost_xt3d,21,3,ok,9.095032492821579,0.01959449670982568,42.23326067973633,37.50410827443234,37.49999999999999,1.0001095539848626,"1.0,1.0,1.0"
noflow,1,35.0,provost_xt3d,21,3,ok,10.066851783704497,0.0075615963007818355,48.99567102039527,33.55233985771967,33.55050358314172,1.0000547316547248,"1.0,1.0,1.0"
noflow,1,40.0,provost_xt3d,21,3,ok,10.85948307981824,0.001759478875847464,55.11270474447212,29.341681553398637,29.34120444167326,1.0000162608091405,"1.0,1.0,1.0"
noflow,1,45.0,provost_xt3d,21,3,ok,11.465288545881087,0.00015001862706458447,60.355339059327356,25.000043262338668,25.00000000000001,1.0000017304935462,"1.0,1.0,1.0"
noflow,1,50.0,provost_xt3d,21,3,ok,13.175645034389719,3.405756968645253,68.82712325764246,22.812785940167224,20.658795558326748,1.1042650514527352,"1.0,1.0,1.0"
noflow,1,55.0,provost_xt3d,21,3,ok,15.123873540844107,6.549597242222359,76.01652381488506,20.591825461347103,16.449496416858278,1.2518210247605852,"1.0,1.0,1.0"
noflow,1,60.0,provost_xt3d,21,3,ok,16.72360060437556,9.172613558873737,80.47599181611459,18.301270188772737,12.500000000000007,1.4641016151018178,"1.0,1.0,1.0"
noflow,2,0.0,corrected,42,6,ok,1.8829447811658174e-08,1.6561340254160648e-08,4.460312674758882e-08,49.99999999790967,50.0,0.9999999999581933,"1.0,1.0,1.0"
noflow,2,5.0,corrected,42,6,ok,3.502628154374556e-08,2.7559362301144507e-08,5.053382712283394e-08,49.6201938136913,49.6201938253052,0.9999999997659441,"1.0,1.0,1.0"
noflow,2,10.0,corrected,42,6,ok,3.552924626419468e-08,2.9431815671867075e-08,6.8343136705451e-08,48.4923155215367,48.49231551964771,1.0000000000389546,"1.0,1.0,1.0"
noflow,2,15.0,corrected,42,6,ok,4.288359893034873e-08,3.223217291346203e-08,8.798567430190474e-08,46.65063509779621,46.65063509461098,1.0000000000682783,"1.0,1.0,1.0"
noflow,2,20.0,corrected,42,6,ok,2.4402013892918502e-08,2.342987986571941e-08,3.923604496858246e-08,44.151111072093514,44.15111107797446,0.9999999998667995,"1.0,1.0,1.0"
noflow,2,25.0,corrected,42,6,ok,4.545009519240659e-08,5.083049104216665e-08,6.812783670540057e-08,41.069690248549946,41.06969024216348,1.000000000155503,"1.0,1.0,1.0"
noflow,2,30.0,corrected,42,6,ok,2.3187268291312306e-08,6.4108889747848256e-09,5.561343052740142e-08,37.50000000173772,37.500000000000014,1.000000000046339,"1.0,1.0,1.0"
noflow,2,35.0,corrected,42,6,ok,2.4335394463483924e-08,1.3602068541932704e-08,5.846842454637624e-08,33.5505035822377,33.55050358314172,0.9999999999730551,"1.0,1.0,1.0"
noflow,2,40.0,corrected,42,6,ok,2.533612709135226e-08,1.762956897477621e-08,5.0842649534921236e-08,29.341204442973833,29.34120444167326,1.0000000000443259,"1.0,1.0,1.0"
noflow,2,45.0,corrected,42,6,ok,1.0704225192659095e-08,1.5402253097525794e-08,2.832910295236246e-08,24.999999997266762,25.0,0.9999999998906703,"1.0,1.0,1.0"
noflow,2,50.0,corrected,42,6,ok,7.172396271820827e-09,4.796725783209095e-09,1.680744432519532e-08,20.65879555593434,20.658795558326748,0.9999999998841943,"1.0,1.0,1.0"
noflow,2,55.0,corrected,42,6,ok,7.030985565718017e-09,5.466914287900314e-09,1.543679767346262e-08,16.449496416502736,16.449496416858278,0.9999999999783858,"1.0,1.0,1.0"
noflow,2,60.0,corrected,42,6,ok,5.023054385109105e-09,2.9870278656691387e-09,1.3204742854711071e-08,12.49999999978803,12.500000000000007,0.9999999999830418,"1.0,1.0,1.0"
noflow,2,0.0,corrected_xt3d,42,6,ok,1.749675301565523e-08,1.1298271330828835e-08,3.517997004820472e-08,49.9999999990112,50.0,0.999999999980224,"1.0,1.0,1.0"
noflow,2,5.0,corrected_xt3d,42,6,ok,2.05092951605274,0.061166130068518676,7.864537096831908,49.61648879404693,49.6201938253052,0.9999253321889207,"1.0,1.0,1.0"
noflow,2,10.0,corrected_xt3d,42,6,ok,3.973378997309019,0.1163583881309468,15.55202920277915,48.47856110490893,48.49231551964771,0.9997163588788989,"1.0,1.0,1.0"
noflow,2,15.0,corrected_xt3d,42,6,ok,5.648414725810929,0.16006969390250572,22.598071384040907,46.62339232653767,46.65063509461098,0.9994160257836134,"1.0,1.0,1.0"
noflow,2,20.0,corrected_xt3d,42,6,ok,6.977012341886944,0.18792798154014703,28.709705524402967,44.11048565184637,44.15111107797446,0.9990798549541291,"1.0,1.0,1.0"
noflow,2,25.0,corrected_xt3d,42,6,ok,7.892704086924038,0.196632094065012,33.418091050304604,41.019818822919795,41.06969024216348,0.9987856879623482,"1.0,1.0,1.0"
noflow,2,30.0,corrected_xt3d,42,6,ok,8.35270904460954,0.1849191973254819,36.314395107196695,37.44812736914687,37.500000000000014,0.9986167298439163,"1.0,1.0,1.0"
noflow,2,35.0,corrected_xt3d,42,6,ok,8.349665346542206,0.1602258891148692,37.36122469269217,33.501865663789985,33.55050358314172,0.9985503073230719,"1.0,1.0,1.0"
noflow,2,40.0,corrected_xt3d,42,6,ok,7.931987700628713,0.12176583865562622,36.71955462955104,29.303045388397614,29.34120444167326,0.9986994721586326,"1.0,1.0,1.0"
noflow,2,45.0,corrected_xt3d,42,6,ok,7.154422578684551,0.08232779715040636,34.34920563498488,24.97385898504244,25.0,0.9989543594016976,"1.0,1.0,1.0"
noflow,2,50.0,corrected_xt3d,42,6,ok,6.1175705890019,0.049899774305798096,30.962786815447902,20.642939374255164,20.658795558326748,0.9992324729664508,"1.0,1.0,1.0"
noflow,2,55.0,corrected_xt3d,42,6,ok,4.905178052920063,0.022959393022596163,25.332305453118682,16.442450051468686,16.449496416858278,0.9995716364069134,"1.0,1.0,1.0"
noflow,2,60.0,corrected_xt3d,42,6,ok,3.685040412682704,0.008415750323239041,20.166008761902706,12.497540994374594,12.500000000000007,0.999803279549967,"1.0,1.0,1.0"
noflow,2,0.0,planview,42,6,ok,1.8829447811658174e-08,1.6561340254160648e-08,4.460312674758882e-08,49.99999999790967,50.0,0.9999999999581933,"1.0,1.0,1.0"
noflow,2,5.0,planview,42,6,ok,0.6298373272636457,0.6298373164520134,0.9495155193506855,49.99999999464876,49.6201938253052,1.0076542661377084,"1.0,1.0,1.0"
noflow,2,10.0,planview,42,6,ok,2.5002118797463173,2.5002118653410976,3.769211272226763,49.99999999227968,48.49231551964771,1.0310912039665565,"1.0,1.0,1.0"
noflow,2,15.0,planview,42,6,ok,5.554293362630289,5.55429334640194,8.373412342500469,49.99999999161019,46.65063509461098,1.0717967695446469,"1.0,1.0,1.0"
noflow,2,20.0,planview,42,6,ok,9.69928502434567,9.699285016694063,14.622222394657713,49.99999999552096,44.15111107797446,1.132474331330346,"1.0,1.0,1.0"
noflow,2,25.0,planview,42,6,ok,14.809243400546423,14.80924340695675,22.325774476885773,50.000000003779306,41.06969024216348,1.217442832146021,"1.0,1.0,1.0"
noflow,2,30.0,planview,42,6,ok,20.72890493911909,20.72890493078463,31.250000055292325,49.999999995212185,37.500000000000014,1.3333333332056578,"1.0,1.0,1.0"
noflow,2,35.0,planview,42,6,ok,27.278403807065477,27.278403810402487,41.123741093639964,50.000000002177565,33.55050358314172,1.4902905966306064,"1.0,1.0,1.0"
noflow,2,40.0,planview,42,6,ok,34.25873674439446,34.258736749576485,51.6469889577828,50.00000000319494,29.34120444167326,1.7040881911507364,"1.0,1.0,1.0"
noflow,2,45.0,planview,42,6,ok,41.45780987941717,41.457809878013464,62.50000002189846,49.9999999993505,25.0,1.99999999997402,"1.0,1.0,1.0"
noflow,2,50.0,planview,42,6,ok,48.6568830142549,48.65688301167549,73.35301117112633,49.999999997933664,20.658795558326748,2.4202766253611836,"1.0,1.0,1.0"
noflow,2,55.0,planview,42,6,ok,55.6372159514626,55.63721595463806,83.8762590039375,50.00000000106614,16.449496416858278,3.0396067292262887,"1.0,1.0,1.0"
noflow,2,60.0,planview,42,6,ok,62.18671481859541,62.18671481001646,93.75000004614853,49.999999995131276,12.500000000000007,3.9999999996104996,"1.0,1.0,1.0"
noflow,2,0.0,planview_xt3d,42,6,ok,1.749675301565523e-08,1.1298271330828835e-08,3.517997004820472e-08,49.9999999990112,50.0,0.999999999980224,"1.0,1.0,1.0"
noflow,2,5.0,planview_xt3d,42,6,ok,2.1718879021940114,0.6254972071738927,8.908897623904288,49.99618478878677,49.6201938253052,1.0075773779684396,"1.0,1.0,1.0"
noflow,2,10.0,planview_xt3d,42,6,ok,4.881680285355967,2.4731531550778287,20.092696781278395,49.98452252316915,48.49231551964771,1.0307720303213164,"1.0,1.0,1.0"
noflow,2,15.0,planview_xt3d,42,6,ok,8.459292204871701,5.487933898544871,33.60702708085353,49.96436147372472,46.65063509461098,1.0710328245776988,"1.0,1.0,1.0"
noflow,2,20.0,planview_xt3d,42,6,ok,13.019059441420904,9.573976324044411,49.64521913842657,49.93405587188689,44.15111107797446,1.130980730783859,"1.0,1.0,1.0"
noflow,2,25.0,planview_xt3d,42,6,ok,18.545611491986993,14.601971109394716,68.16780274355003,49.89201709582751,41.06969024216348,1.2148135718006157,"1.0,1.0,1.0"
noflow,2,30.0,planview_xt3d,42,6,ok,24.947273305326917,20.41390108977251,89.10041002154901,49.83698706153842,37.500000000000014,1.328986321641024,"1.0,1.0,1.0"
noflow,2,35.0,planview_xt3d,42,6,ok,32.10413977763328,26.8109213974925,112.83671417834272,49.75874330653974,33.55050358314172,1.483099744933255,"1.0,1.0,1.0"
noflow,2,40.0,planview_xt3d,42,6,ok,39.89676012747242,33.60009215964188,139.80189969176175,49.66158641128919,29.34120444167326,1.6925544590376436,"1.0,1.0,1.0"
noflow,2,45.0,planview_xt3d,42,6,ok,48.22558699640191,40.5352849736896,170.76466474139485,49.52789643100021,25.0,1.9811158572400083,"1.0,1.0,1.0"
noflow,2,50.0,planview_xt3d,42,6,ok,57.08454195097558,47.34939610131758,208.10197872179006,49.33279039180981,20.658795558326748,2.3879799890814883,"1.0,1.0,1.0"
noflow,2,55.0,planview_xt3d,42,6,ok,66.6024338250563,53.82332264712235,250.93662664947675,49.08219963565311,16.449496416858278,2.9838116858915624,"1.0,1.0,1.0"
noflow,2,60.0,planview_xt3d,42,6,ok,77.4026840717013,59.58769664567392,308.58177154266843,48.69794438570355,12.500000000000007,3.895835550856282,"1.0,1.0,1.0"
noflow,2,0.0,provost_std,42,6,ok,1.8829447811658174e-08,1.6561340254160648e-08,4.460312674758882e-08,49.99999999790967,50.0,0.9999999999581933,"1.0,1.0,1.0"
noflow,2,5.0,provost_std,42,6,ok,6.061983666961629,6.03197072956478,13.02618540001671,45.982977113084424,49.6201938253052,0.9266988612534223,"1.0,1.0,1.0"
noflow,2,10.0,provost_std,42,6,ok,9.94704380128799,9.91328744232165,21.71698667262402,42.515279328172745,48.49231551964771,0.8767426111245763,"1.0,1.0,1.0"
noflow,2,15.0,provost_std,42,6,ok,12.01240367401742,11.949142910925547,26.89129648922185,39.44659210788697,46.65063509461098,0.8455745999574568,"1.0,1.0,1.0"
noflow,2,20.0,provost_std,42,6,ok,12.589161932227283,12.407142324914936,29.17292001513208,36.6712877268568,44.15111107797446,0.830585841024302,"1.0,1.0,1.0"
noflow,2,25.0,provost_std,42,6,ok,12.04356313347172,11.54165244372201,29.08788910948071,34.11186189582243,41.06969024216348,0.8305848350616991,"1.0,1.0,1.0"
noflow,2,30.0,provost_std,42,6,ok,10.869255957158522,9.606323816998579,28.37685791894623,31.70900088708197,37.500000000000014,0.8455733569888523,"1.0,1.0,1.0"
noflow,2,35.0,provost_std,42,6,ok,9.857540300848338,6.859743681409161,42.468159261377856,29.415301517680966,33.55050358314172,0.8767469449388954,"1.0,1.0,1.0"
noflow,2,40.0,provost_std,42,6,ok,10.190873306273984,3.5669363358567336,60.80950299302404,27.191069232514703,29.34120444167326,0.9267195996185923,"1.0,1.0,1.0"
noflow,2,45.0,provost_std,42,6,ok,12.875683166839899,0.0041779539342812885,86.88969700311274,25.001268036313387,25.0,1.0000507214525354,"1.0,1.0,1.0"
noflow,2,50.0,provost_std,42,6,ok,11.674745998125097,0.7433227985061995,84.56947398024082,20.202322561404856,20.658795558326748,0.9779041815079144,"1.0,1.0,1.0"
noflow,2,55.0,provost_std,42,6,ok,11.52578579857373,1.926363017422196,87.46534420319762,16.395248635599653,16.449496416858278,0.9967021615808841,"1.0,1.0,1.0"
noflow,2,60.0,provost_std,42,6,ok,12.720848072471423,4.0074886997339405,97.50240927025806,13.250290541094033,12.500000000000007,1.060023243287522,"1.0,1.0,1.0"
noflow,2,0.0,provost_xt3d,42,6,ok,1.749675301565523e-08,1.1298271330828835e-08,3.517997004820472e-08,49.9999999990112,50.0,0.999999999980224,"1.0,1.0,1.0"
noflow,2,5.0,provost_xt3d,42,6,ok,2.0473930481787757,0.05779621951660522,8.286574695492266,49.62334715018053,49.6201938253052,1.0000635492252696,"1.0,1.0,1.0"
noflow,2,10.0,provost_xt3d,42,6,ok,4.016241945203137,0.10075320972343402,17.429011226726438,48.50314871735524,48.49231551964771,1.0002234002973758,"1.0,1.0,1.0"
noflow,2,15.0,provost_xt3d,42,6,ok,5.867600704623475,0.12243009940893866,27.23592559167698,46.66982764611976,46.65063509461098,1.0004114102941977,"1.0,1.0,1.0"
noflow,2,20.0,provost_xt3d,42,6,ok,7.566765148823746,0.12109184263518659,37.48993975552334,44.175402828104055,44.15111107797446,1.0005501956697465,"1.0,1.0,1.0"
noflow,2,25.0,provost_xt3d,42,6,ok,9.083296736385867,0.10052675313580443,47.95468466655575,41.09359980676446,41.06969024216348,1.00058217056082,"1.0,1.0,1.0"
noflow,2,30.0,provost_xt3d,42,6,ok,10.391223412654426,0.06936874830459826,58.38241027958402,37.51856215409157,37.500000000000014,1.000494990775775,"1.0,1.0,1.0"
noflow,2,35.0,provost_xt3d,42,6,ok,11.469401916152234,0.03829933309067786,68.52065377897719,33.5615735464902,33.55050358314172,1.0003299492456514,"1.0,1.0,1.0"
noflow,2,40.0,provost_xt3d,42,6,ok,12.30168799171194,0.01571412629731003,78.11387249412819,29.345939329039453,29.34120444167326,1.0001613733129329,"1.0,1.0,1.0"
noflow,2,45.0,provost_xt3d,42,6,ok,12.875683166581673,0.004177954151971379,86.88969700222374,25.001268036270705,25.0,1.000050721450828,"1.0,1.0,1.0"
noflow,2,50.0,provost_xt3d,42,6,ok,13.723484597551845,1.4113160836847458,96.90880485759318,21.169899627396738,20.658795558326748,1.0247402646309642,"1.0,1.0,1.0"
noflow,2,55.0,provost_xt3d,42,6,ok,14.377767841125957,2.897344753043272,105.51956020331461,17.381067319463117,16.449496416858278,1.056632183684974,"1.0,1.0,1.0"
noflow,2,60.0,provost_xt3d,42,6,ok,14.814017438605786,4.548648505968777,112.11459093988718,13.73714746035183,12.500000000000007,1.0989717968281456,"1.0,1.0,1.0"
noflow,3,0.0,corrected,63,9,ok,6.530877124196975e-08,3.0115409956342705e-08,1.2687415007484049e-07,49.99999999568445,50.0,0.9999999999136889,"1.0,1.0,1.0"
noflow,3,5.0,corrected,63,9,ok,7.146688415748587e-08,2.9462309731370676e-08,1.6826698367999882e-07,49.62019383453084,49.62019382530519,1.0000000001859253,"1.0,1.0,1.0"
noflow,3,10.0,corrected,63,9,ok,7.037208087870547e-08,4.8424862456368025e-08,1.5898268812541971e-07,48.49231554446119,48.49231551964769,1.0000000005116998,"1.0,1.0,1.0"
noflow,3,15.0,corrected,63,9,ok,5.2463110270648335e-08,2.3584012007765736e-08,1.5374368445009168e-07,46.650635103900655,46.650635094611,1.0000000001991325,"1.0,1.0,1.0"
noflow,3,20.0,corrected,63,9,ok,4.4704955736812836e-08,4.17085241172599e-08,9.571576864431108e-08,44.15111109884657,44.15111107797447,1.0000000004727425,"1.0,1.0,1.0"
noflow,3,25.0,corrected,63,9,ok,3.992272966420426e-08,2.375120787608029e-08,8.893923097996748e-08,41.06969023812311,41.069690242163475,0.9999999999016217,"1.0,1.0,1.0"
noflow,3,30.0,corrected,63,9,ok,6.33641848526426e-08,2.9936914872984393e-08,1.49943807370434e-07,37.50000000358969,37.5,1.0000000000957252,"1.0,1.0,1.0"
noflow,3,35.0,corrected,63,9,ok,3.8474001570599604e-08,2.912274950758518e-08,1.1251079234941841e-07,33.55050358925861,33.550503583141705,1.0000000001823193,"1.0,1.0,1.0"
noflow,3,40.0,corrected,63,9,ok,3.577998132549256e-08,2.734486752425174e-08,1.1539914857028322e-07,29.341204451131926,29.341204441673266,1.000000000322368,"1.0,1.0,1.0"
noflow,3,45.0,corrected,63,9,ok,1.9876527292539377e-08,1.1859846478006476e-08,5.721904894340213e-08,25.000000004833264,25.000000000000007,1.0000000001933302,"1.0,1.0,1.0"
noflow,3,50.0,corrected,63,9,ok,1.0181340379881098e-08,1.2511787762308605e-08,2.5821539351156275e-08,20.658795564357526,20.658795558326748,1.0000000002919232,"1.0,1.0,1.0"
noflow,3,55.0,corrected,63,9,ok,2.06654942183462e-08,1.2860108415685256e-08,4.9536444390874124e-08,16.44949642171595,16.449496416858278,1.0000000002953082,"1.0,1.0,1.0"
noflow,3,60.0,corrected,63,9,ok,1.284024002185516e-08,3.849722466156535e-09,3.667604414614445e-08,12.500000002534316,12.500000000000007,1.0000000002027447,"1.0,1.0,1.0"
noflow,3,0.0,corrected_xt3d,63,9,ok,7.03844289370143e-08,5.022116843339693e-08,1.3853473923575166e-07,49.99999999824402,50.0,0.9999999999648803,"1.0,1.0,1.0"
noflow,3,5.0,corrected_xt3d,63,9,ok,2.1164353428536526,0.06939009619135686,8.502068947442126,49.61640554734496,49.62019382530519,0.999923654511033,"1.0,1.0,1.0"
noflow,3,10.0,corrected_xt3d,63,9,ok,4.1000777534730535,0.1317867810317695,16.785161297401125,48.47826627707194,48.49231551964769,0.9997102789911104,"1.0,1.0,1.0"
noflow,3,15.0,corrected_xt3d,63,9,ok,5.8298839776124245,0.18077672733816397,24.405728913473617,46.62266581938196,46.650635094611,0.9994004524231597,"1.0,1.0,1.0"
noflow,3,20.0,corrected_xt3d,63,9,ok,7.2031655855123065,0.21114593156354616,30.893349432004975,44.10949712159182,44.15111107797447,0.9990574652513468,"1.0,1.0,1.0"
noflow,3,25.0,corrected_xt3d,63,9,ok,8.148268269088026,0.22009470122766725,35.90814937854997,41.01847624085514,41.069690242163475,0.9987529976241274,"1.0,1.0,1.0"
noflow,3,30.0,corrected_xt3d,63,9,ok,8.624200479243566,0.20755306970025292,39.24978772678564,37.44584644400826,37.5,0.9985559051735536,"1.0,1.0,1.0"
noflow,3,35.0,corrected_xt3d,63,9,ok,8.633464683445789,0.17662528500965144,40.6206496891672,33.50076566251049,33.550503583141705,0.9985175208918113,"1.0,1.0,1.0"
noflow,3,40.0,corrected_xt3d,63,9,ok,8.196975361107892,0.13638897005341294,39.801989731092306,29.300907791218403,29.341204441673266,0.9986266190764266,"1.0,1.0,1.0"
noflow,3,45.0,corrected_xt3d,63,9,ok,7.404366598175748,0.09364494536988316,37.68729092022695,24.971706832001658,25.000000000000007,0.998868273280066,"1.0,1.0,1.0"
noflow,3,50.0,corrected_xt3d,63,9,ok,6.337175022320499,0.05435849265019191,33.73267463419712,20.642491001316856,20.658795558326748,0.9992107692356093,"1.0,1.0,1.0"
noflow,3,55.0,corrected_xt3d,63,9,ok,5.1004045388324855,0.02621344449373472,28.374965477080952,16.441851715947386,16.449496416858278,0.9995352623133764,"1.0,1.0,1.0"
noflow,3,60.0,corrected_xt3d,63,9,ok,3.8269703973004727,0.009667469410804383,22.501769644544922,12.49731866790384,12.500000000000007,0.9997854934323066,"1.0,1.0,1.0"
noflow,3,0.0,planview,63,9,ok,6.530877124196975e-08,3.0115409956342705e-08,1.2687415007484049e-07,49.99999999568445,50.0,0.9999999999136889,"1.0,1.0,1.0"
noflow,3,5.0,planview,63,9,ok,0.6393090517955113,0.639309043364979,1.0128166065445643,49.999999995381955,49.62019382530519,1.0076542661524845,"1.0,1.0,1.0"
noflow,3,10.0,planview,63,9,ok,2.5378111451151875,2.537811137811338,4.020492087822902,49.999999995989526,48.49231551964769,1.0310912040430604,"1.0,1.0,1.0"
noflow,3,15.0,planview,63,9,ok,5.637821234525467,5.637821227822542,8.931639891204435,49.999999996470116,46.650635094611,1.0717967696488238,"1.0,1.0,1.0"
noflow,3,20.0,planview,63,9,ok,9.845147088879479,9.84514708620912,15.597037228521515,49.99999999851663,44.15111107797447,1.1324743313981962,"1.0,1.0,1.0"
noflow,3,25.0,planview,63,9,ok,15.031951247392124,15.03195126135519,23.814159411240375,50.000000007801795,41.069690242163475,1.217442832243964,"1.0,1.0,1.0"
noflow,3,30.0,planview,63,9,ok,21.040635288450193,21.040635327862486,33.33333339966341,50.00000002089789,37.5,1.3333333338906104,"1.0,1.0,1.0"
noflow,3,35.0,planview,63,9,ok,27.688628384451043,27.688628403605325,43.865323872923575,50.00000000978808,33.550503583141705,1.4902905968574445,"1.0,1.0,1.0"
noflow,3,40.0,planview,63,9,ok,34.77393462595737,34.77393461796565,55.09012156541121,49.99999999553556,29.341204441673266,1.704088190889691,"1.0,1.0,1.0"
noflow,3,45.0,planview,63,9,ok,42.08127058243943,42.08127056460628,66.6666668123082,49.999999992255916,25.000000000000007,1.9999999996902358,"1.0,1.0,1.0"
noflow,3,50.0,planview,63,9,ok,49.388606522456364,49.38860656744236,78.24321191711626,50.00000002315902,20.658795558326748,2.4202766265822304,"1.0,1.0,1.0"
noflow,3,55.0,planview,63,9,ok,56.47391277279384,56.4739128128672,89.46800962429954,50.00000002052899,16.449496416858278,3.039606730409476,"1.0,1.0,1.0"
noflow,3,60.0,planview,63,9,ok,63.12190586181918,63.12190588218539,100.00000009006926,50.00000001084138,12.500000000000007,4.000000000867308,"1.0,1.0,1.0"
noflow,3,0.0,planview_xt3d,63,9,ok,7.03844289370143e-08,5.022116843339693e-08,1.3853473923575166e-07,49.99999999824402,50.0,0.9999999999648803,"1.0,1.0,1.0"
noflow,3,5.0,planview_xt3d,63,9,ok,2.2381458345752785,0.6352075520221868,9.61583645245062,49.99610098430155,49.62019382530519,1.0075756890494985,"1.0,1.0,1.0"
noflow,3,10.0,planview_xt3d,63,9,ok,5.015559490461257,2.509252012735076,21.624891716911453,49.98422104177865,48.49231551964769,1.0307658132251178,"1.0,1.0,1.0"
noflow,3,15.0,planview_xt3d,63,9,ok,8.66790426055331,5.566773443032299,36.132940069170786,49.963573689952746,46.650635094611,1.0710159376956576,"1.0,1.0,1.0"
noflow,3,20.0,planview_xt3d,63,9,ok,13.31342017741783,9.710978627373878,53.16467594178309,49.93292871697406,44.15111107797447,1.1309552013037323,"1.0,1.0,1.0"
noflow,3,25.0,planview_xt3d,63,9,ok,18.937092676564255,14.809956456602244,72.81990223895077,49.890298727702394,41.069690242163475,1.2147717315014808,"1.0,1.0,1.0"
noflow,3,30.0,planview_xt3d,63,9,ok,25.451144522909633,20.700154747018903,95.29966191049772,49.832901545248674,37.5,1.3288773745399647,"1.0,1.0,1.0"
noflow,3,35.0,planview_xt3d,63,9,ok,32.73911266057523,27.191276780535716,120.64059200219626,49.75703877388608,33.550503583141705,1.48304893995355,"1.0,1.0,1.0"
noflow,3,40.0,planview_xt3d,63,9,ok,40.67076520025639,34.0628151616083,148.999729761412,49.65382394340785,29.341204441673266,1.6922899004406446,"1.0,1.0,1.0"
noflow,3,45.0,planview_xt3d,63,9,ok,49.163200836168784,41.07983147393943,182.1188330629451,49.514117002427824,25.000000000000007,1.9805646800971124,"1.0,1.0,1.0"
noflow,3,50.0,planview_xt3d,63,9,ok,58.199273643470434,47.99950855673588,220.27651699316206,49.32998806042351,20.658795558326748,2.3878443407384675,"1.0,1.0,1.0"
noflow,3,55.0,planview_xt3d,63,9,ok,67.94254042119412,54.533015755847515,265.8801854917476,49.07116449994944,16.449496416858278,2.9831408364367205,"1.0,1.0,1.0"
noflow,3,60.0,planview_xt3d,63,9,ok,79.12538789279776,60.36373479754632,324.8562922394062,48.69778376066778,12.500000000000007,3.89582270085342,"1.0,1.0,1.0"
noflow,3,0.0,provost_std,63,9,ok,6.530877124196975e-08,3.0115409956342705e-08,1.2687415007484049e-07,49.99999999568445,50.0,0.9999999999136889,"1.0,1.0,1.0"
noflow,3,5.0,provost_std,63,9,ok,6.220935153544346,6.123751075024933,14.694832368315481,45.98261348814995,49.62019382530519,0.9266915330890917,"1.0,1.0,1.0"
noflow,3,10.0,provost_std,63,9,ok,10.204671687713262,10.062726531665195,24.50065691457781,42.515722954951535,48.49231551964769,0.8767517595179671,"1.0,1.0,1.0"
noflow,3,15.0,provost_std,63,9,ok,12.32644294429297,12.12789906017203,30.388936335435158,39.44814381969316,46.650635094611,0.8456078623514848,"1.0,1.0,1.0"
noflow,3,20.0,provost_std,63,9,ok,12.93000321741539,12.59150976172485,33.081214137331,36.67381750528029,44.15111107797447,0.8306431392068782,"1.0,1.0,1.0"
noflow,3,25.0,provost_std,63,9,ok,12.39284271808759,11.712075654959596,33.17266200290439,34.11502226443411,41.069690242163475,0.8306617864239579,"1.0,1.0,1.0"
noflow,3,30.0,provost_std,63,9,ok,11.221049760354118,9.747235333294933,31.865573321783955,31.712338157754107,37.5,0.8456623508734429,"1.0,1.0,1.0"
noflow,3,35.0,provost_std,63,9,ok,10.21974605856036,6.959543310611132,46.93518027631402,29.418326470387534,33.550503583141705,0.8768371061103688,"1.0,1.0,1.0"
noflow,3,40.0,provost_std,63,9,ok,10.583254525175832,3.617994758818873,67.18656728783043,27.193329400114223,29.341204441673266,0.9267966301169143,"1.0,1.0,1.0"
noflow,3,45.0,provost_std,63,9,ok,13.34531677329802,0.007913940771577454,96.22123011804592,25.002470973853708,25.000000000000007,1.000098838954148,"1.0,1.0,1.0"
noflow,3,50.0,provost_std,63,9,ok,11.687831255521855,1.008057396915665,91.13078419841888,19.76860934013494,20.658795558326748,0.9569100620760532,"1.0,1.0,1.0"
noflow,3,55.0,provost_std,63,9,ok,11.163508203505126,0.9549203270000765,93.2500943042818,15.7658148528068,16.449496416858278,0.9584375383461097,"1.0,1.0,1.0"
noflow,3,60.0,provost_std,63,9,ok,11.987494671230257,2.1513625954822237,104.875775029464,12.58238220755,12.500000000000007,1.0065905766039993,"1.0,1.0,1.0"
noflow,3,0.0,provost_xt3d,63,9,ok,7.03844289370143e-08,5.022116843339693e-08,1.3853473923575166e-07,49.99999999824402,50.0,0.9999999999648803,"1.0,1.0,1.0"
noflow,3,5.0,provost_xt3d,63,9,ok,2.1188998088630675,0.06683055868086057,8.987282854271472,49.6241006140967,49.62019382530519,1.0000787338478616,"1.0,1.0,1.0"
noflow,3,10.0,provost_xt3d,63,9,ok,4.16730115504142,0.11913249590600732,18.945027776398724,48.505971703848516,48.49231551964769,1.000281615428228,"1.0,1.0,1.0"
noflow,3,15.0,provost_xt3d,63,9,ok,6.101606049729423,0.1487029797580536,29.674552342928123,46.675345652580056,46.650635094611,1.0005296939241866,"1.0,1.0,1.0"
noflow,3,20.0,provost_xt3d,63,9,ok,7.881499812071308,0.15194938990340923,40.9473381294127,44.18322335481638,44.15111107797447,1.000727326584946,"1.0,1.0,1.0"
noflow,3,25.0,provost_xt3d,63,9,ok,9.470353461240496,0.1313319848715167,52.51175767989544,41.10238862647982,41.069690242163475,1.0007961682721136,"1.0,1.0,1.0"
noflow,3,30.0,provost_xt3d,63,9,ok,10.835800885004547,0.09540441946785873,64.10041557122392,37.52656058833356,37.5,1.0007082823555618,"1.0,1.0,1.0"
noflow,3,35.0,provost_xt3d,63,9,ok,11.950436757684965,0.05640899283497588,75.43706700416314,33.56737609230086,33.550503583141705,1.0005028988348073,"1.0,1.0,1.0"
noflow,3,40.0,provost_xt3d,63,9,ok,12.792421407607131,0.02551740413079308,86.24073991319165,29.349129710719716,29.341204441673266,1.0002701071478577,"1.0,1.0,1.0"
noflow,3,45.0,provost_xt3d,63,9,ok,13.345316772082239,0.007913942941094924,96.22123010497272,25.002470982872673,25.000000000000007,1.0000988393149066,"1.0,1.0,1.0"
noflow,3,50.0,provost_xt3d,63,9,ok,13.957840336147386,0.8724029852409887,106.7034184700173,20.88649073320747,20.658795558326748,1.0110217061898823,"1.0,1.0,1.0"
noflow,3,55.0,provost_xt3d,63,9,ok,14.290039029228945,1.7883841858864378,115.82610353856099,16.87609492667521,16.449496416858278,1.025933834021796,"1.0,1.0,1.0"
noflow,3,60.0,provost_xt3d,63,9,ok,14.31604214458184,2.787356377425114,123.1342429110166,13.118513334698754,12.500000000000007,1.0494810667758998,"1.0,1.0,1.0"
