col,cos_alpha,sec2_alpha,leak_plan,leak_area,leak_full
0,0.9917,1.0168,0.25000,0.25209,0.25420
1,0.9903,1.0197,0.25000,0.25245,0.25492
2,0.9909,1.0184,0.25000,0.25228,0.25459
3,0.9899,1.0206,0.25000,0.25256,0.25514
4,0.9958,1.0085,0.25000,0.25106,0.25213
5,0.9980,1.0040,0.25000,0.25050,0.25099
6,0.9977,1.0046,0.25000,0.25058,0.25116
7,0.9978,1.0044,0.25000,0.25055,0.25110
8,0.9971,1.0058,0.25000,0.25073,0.25146
9,0.9985,1.0029,0.25000,0.25036,0.25073
10,0.9997,1.0005,0.25000,0.25006,0.25013
11,0.9999,1.0001,0.25000,0.25002,0.25003
12,0.9992,1.0016,0.25000,0.25020,0.25040
13,0.9969,1.0062,0.25000,0.25077,0.25155
14,0.9915,1.0171,0.25000,0.25213,0.25428
15,0.9606,1.0838,0.25000,0.26026,0.27094
16,0.9268,1.1643,0.25000,0.26976,0.29108
17,0.9032,1.2258,0.25000,0.27679,0.30645
18,0.8813,1.2876,0.25000,0.28368,0.32189
19,0.8727,1.3131,0.25000,0.28647,0.32827
20,0.8552,1.3674,0.25000,0.29234,0.34185
21,0.8484,1.3893,0.25000,0.29467,0.34732
22,0.8715,1.3165,0.25000,0.28685,0.32913
23,0.9103,1.2068,0.25000,0.27463,0.30169
24,0.9437,1.1228,0.25000,0.26491,0.28070
25,0.9715,1.0596,0.25000,0.25734,0.26489
26,0.9864,1.0278,0.25000,0.25346,0.25696
27,0.9915,1.0171,0.25000,0.25213,0.25428
28,0.9663,1.0709,0.25000,0.25871,0.26773
29,0.9168,1.1896,0.25000,0.27268,0.29741
30,0.9257,1.1669,0.25000,0.27006,0.29173
31,0.9393,1.1334,0.25000,0.26616,0.28336
32,0.9398,1.1321,0.25000,0.26600,0.28302
33,0.9168,1.1898,0.25000,0.27269,0.29745
34,0.9388,1.1347,0.25000,0.26631,0.28368
35,0.9667,1.0701,0.25000,0.25861,0.26752
36,0.9791,1.0432,0.25000,0.25534,0.26079
37,0.9856,1.0295,0.25000,0.25366,0.25738
38,0.9466,1.1161,0.25000,0.26411,0.27903
39,0.9392,1.1337,0.25000,0.26619,0.28343
40,0.9440,1.1221,0.25000,0.26482,0.28051
41,0.9924,1.0154,0.25000,0.25191,0.25384
42,0.9921,1.0159,0.25000,0.25198,0.25397
43,0.9915,1.0173,0.25000,0.25215,0.25431
44,0.9917,1.0169,0.25000,0.25210,0.25421
45,0.9970,1.0060,0.25000,0.25075,0.25151
46,0.9997,1.0005,0.25000,0.25006,0.25013
47,0.9966,1.0069,0.25000,0.25086,0.25172
48,0.9963,1.0075,0.25000,0.25093,0.25187
49,0.9955,1.0091,0.25000,0.25113,0.25227
50,0.9989,1.0023,0.25000,0.25028,0.25057
51,0.9997,1.0005,0.25000,0.25006,0.25013
52,0.9996,1.0009,0.25000,0.25011,0.25022
53,0.9997,1.0005,0.25000,0.25006,0.25013
54,0.9976,1.0048,0.25000,0.25060,0.25120
55,0.9896,1.0212,0.25000,0.25263,0.25529
56,0.9420,1.1268,0.25000,0.26538,0.28171
57,0.9085,1.2116,0.25000,0.27518,0.30290
58,0.9065,1.2169,0.25000,0.27578,0.30421
59,0.8889,1.2657,0.25000,0.28126,0.31643
60,0.8684,1.3259,0.25000,0.28787,0.33148
61,0.8458,1.3979,0.25000,0.29558,0.34947
62,0.8470,1.3939,0.25000,0.29516,0.34847
63,0.8794,1.2931,0.25000,0.28429,0.32328
64,0.9474,1.1142,0.25000,0.26389,0.27856
65,0.9671,1.0693,0.25000,0.25851,0.26731
66,0.9725,1.0573,0.25000,0.25707,0.26433
67,0.9883,1.0239,0.25000,0.25297,0.25598
68,0.9913,1.0177,0.25000,0.25220,0.25443
69,0.9796,1.0421,0.25000,0.25521,0.26052
70,0.9515,1.1046,0.25000,0.26275,0.27615
71,0.9024,1.2281,0.25000,0.27705,0.30703
72,0.9122,1.2018,0.25000,0.27406,0.30044
73,0.9095,1.2088,0.25000,0.27486,0.30220
74,0.9230,1.1738,0.25000,0.27086,0.29346
75,0.9461,1.1173,0.25000,0.26425,0.27931
76,0.9605,1.0838,0.25000,0.26027,0.27096
77,0.9902,1.0199,0.25000,0.25247,0.25497
78,0.9887,1.0230,0.25000,0.25285,0.25574
79,0.9336,1.1474,0.25000,0.26779,0.28685
80,0.9358,1.1420,0.25000,0.26716,0.28550
81,0.9463,1.1166,0.25000,0.26417,0.27915
82,0.9919,1.0164,0.25000,0.25204,0.25409
83,0.9872,1.0260,0.25000,0.25323,0.25650
84,0.9889,1.0226,0.25000,0.25281,0.25564
85,0.9901,1.0201,0.25000,0.25250,0.25503
86,0.9915,1.0171,0.25000,0.25213,0.25429
87,0.9966,1.0067,0.25000,0.25084,0.25168
88,0.9935,1.0132,0.25000,0.25164,0.25329
89,0.9941,1.0120,0.25000,0.25149,0.25299
90,0.9955,1.0091,0.25000,0.25113,0.25227
91,0.9988,1.0025,0.25000,0.25031,0.25062
92,0.9998,1.0005,0.25000,0.25006,0.25012
93,0.9995,1.0011,0.25000,0.25014,0.25027
94,0.9989,1.0022,0.25000,0.25027,0.25054
95,0.9996,1.0009,0.25000,0.25011,0.25022
96,0.9829,1.0351,0.25000,0.25435,0.25878
97,0.9350,1.1439,0.25000,0.26739,0.28599
98,0.9029,1.2267,0.25000,0.27689,0.30667
99,0.8973,1.2420,0.25000,0.27861,0.31050
100,0.8917,1.2578,0.25000,0.28037,0.31444
101,0.8757,1.3041,0.25000,0.28549,0.32602
102,0.8683,1.3262,0.25000,0.28791,0.33156
103,0.8661,1.3331,0.25000,0.28864,0.33326
104,0.9231,1.1735,0.25000,0.27082,0.29338
105,0.9548,1.0968,0.25000,0.26182,0.27420
106,0.9721,1.0581,0.25000,0.25716,0.26454
107,0.9764,1.0490,0.25000,0.25605,0.26225
108,0.9813,1.0385,0.25000,0.25476,0.25961
109,0.9835,1.0338,0.25000,0.25419,0.25846
110,0.9751,1.0517,0.25000,0.25638,0.26292
111,0.9646,1.0747,0.25000,0.25917,0.26869
112,0.9324,1.1502,0.25000,0.26812,0.28754
113,0.9400,1.1318,0.25000,0.26597,0.28295
114,0.9161,1.1916,0.25000,0.27290,0.29789
115,0.9313,1.1530,0.25000,0.26844,0.28825
116,0.9494,1.1095,0.25000,0.26333,0.27738
117,0.9697,1.0634,0.25000,0.25781,0.26585
118,0.9808,1.0395,0.25000,0.25489,0.25988
119,0.9797,1.0419,0.25000,0.25518,0.26046
120,0.9371,1.1388,0.25000,0.26678,0.28469
121,0.9340,1.1464,0.25000,0.26767,0.28659
122,0.9497,1.1088,0.25000,0.26325,0.27719
123,0.9875,1.0255,0.25000,0.25316,0.25637
124,0.9876,1.0253,0.25000,0.25314,0.25633
125,0.9871,1.0262,0.25000,0.25326,0.25656
126,0.9868,1.0268,0.25000,0.25333,0.25671
127,0.9864,1.0278,0.25000,0.25345,0.25695
128,0.9915,1.0172,0.25000,0.25215,0.25431
129,0.9823,1.0363,0.25000,0.25449,0.25907
130,0.9872,1.0260,0.25000,0.25323,0.25651
131,0.9925,1.0153,0.25000,0.25190,0.25381
132,0.9974,1.0053,0.25000,0.25066,0.25131
133,0.9995,1.0009,0.25000,0.25012,0.25023
134,0.9978,1.0043,0.25000,0.25054,0.25108
135,0.9969,1.0062,0.25000,0.25077,0.25154
136,0.9916,1.0171,0.25000,0.25212,0.25426
137,0.9562,1.0938,0.25000,0.26146,0.27344
138,0.9285,1.1598,0.25000,0.26924,0.28996
139,0.9069,1.2158,0.25000,0.27565,0.30394
140,0.9026,1.2275,0.25000,0.27698,0.30688
141,0.8995,1.2358,0.25000,0.27792,0.30896
142,0.8789,1.2945,0.25000,0.28444,0.32362
143,0.8702,1.3207,0.25000,0.28730,0.33017
144,0.8857,1.2748,0.25000,0.28227,0.31870
145,0.9184,1.1855,0.25000,0.27221,0.29639
146,0.9549,1.0967,0.25000,0.26180,0.27417
147,0.9666,1.0703,0.25000,0.25864,0.26758
148,0.9664,1.0708,0.25000,0.25870,0.26771
149,0.9708,1.0610,0.25000,0.25751,0.26525
150,0.9701,1.0626,0.25000,0.25771,0.26566
151,0.9697,1.0636,0.25000,0.25782,0.26589
152,0.9805,1.0402,0.25000,0.25497,0.26005
153,0.9695,1.0638,0.25000,0.25785,0.26595
154,0.9471,1.1148,0.25000,0.26396,0.27869
155,0.9467,1.1157,0.25000,0.26407,0.27893
156,0.9516,1.1043,0.25000,0.26271,0.27608
157,0.9686,1.0659,0.25000,0.25811,0.26648
158,0.9805,1.0401,0.25000,0.25496,0.26002
159,0.9903,1.0197,0.25000,0.25245,0.25493
160,0.9829,1.0351,0.25000,0.25435,0.25877
161,0.9344,1.1454,0.25000,0.26755,0.28634
162,0.9392,1.1336,0.25000,0.26618,0.28340
163,0.9440,1.1220,0.25000,0.26482,0.28051
164,0.9881,1.0241,0.25000,0.25300,0.25603
165,0.9886,1.0232,0.25000,0.25288,0.25580
166,0.9867,1.0271,0.25000,0.25337,0.25678
167,0.9852,1.0302,0.25000,0.25375,0.25756
168,0.9846,1.0315,0.25000,0.25391,0.25788
169,0.9911,1.0180,0.25000,0.25224,0.25449
170,0.9731,1.0560,0.25000,0.25690,0.26400
171,0.9692,1.0645,0.25000,0.25794,0.26612
172,0.9776,1.0464,0.25000,0.25573,0.26159
173,0.9976,1.0049,0.25000,0.25061,0.25122
174,0.9973,1.0054,0.25000,0.25067,0.25134
175,0.9881,1.0243,0.25000,0.25302,0.25607
176,0.9833,1.0343,0.25000,0.25425,0.25857
177,0.9714,1.0598,0.25000,0.25737,0.26496
178,0.9566,1.0927,0.25000,0.26133,0.27317
179,0.9345,1.1451,0.25000,0.26752,0.28627
180,0.9118,1.2028,0.25000,0.27418,0.30070
181,0.8992,1.2369,0.25000,0.27804,0.30922
182,0.8909,1.2598,0.25000,0.28060,0.31496
183,0.8758,1.3038,0.25000,0.28546,0.32595
184,0.8775,1.2988,0.25000,0.28492,0.32471
185,0.8890,1.2652,0.25000,0.28120,0.31630
186,0.9138,1.1976,0.25000,0.27359,0.29940
187,0.9479,1.1130,0.25000,0.26375,0.27825
188,0.9562,1.0936,0.25000,0.26144,0.27340
189,0.9609,1.0831,0.25000,0.26017,0.27076
190,0.9724,1.0576,0.25000,0.25710,0.26440
191,0.9764,1.0489,0.25000,0.25604,0.26222
192,0.9782,1.0451,0.25000,0.25557,0.26127
193,0.9895,1.0214,0.25000,0.25265,0.25534
194,0.9897,1.0209,0.25000,0.25260,0.25523
195,0.9753,1.0512,0.25000,0.25632,0.26280
196,0.9763,1.0490,0.25000,0.25606,0.26226
197,0.9798,1.0417,0.25000,0.25516,0.26043
198,0.9813,1.0386,0.25000,0.25477,0.25964
199,0.9930,1.0141,0.25000,0.25176,0.25353
200,0.9963,1.0075,0.25000,0.25093,0.25187
201,0.9882,1.0240,0.25000,0.25298,0.25600
202,0.9644,1.0751,0.25000,0.25922,0.26878
203,0.9406,1.1303,0.25000,0.26578,0.28256
204,0.9437,1.1229,0.25000,0.26492,0.28072
205,0.9885,1.0233,0.25000,0.25290,0.25583
206,0.9922,1.0157,0.25000,0.25195,0.25393
207,0.9800,1.0413,0.25000,0.25511,0.26032
208,0.9803,1.0406,0.25000,0.25502,0.26014
209,0.9831,1.0348,0.25000,0.25431,0.25869
210,0.9848,1.0310,0.25000,0.25385,0.25776
211,0.9810,1.0391,0.25000,0.25484,0.25978
212,0.9600,1.0851,0.25000,0.26042,0.27127
213,0.9679,1.0673,0.25000,0.25828,0.26683
214,0.9908,1.0186,0.25000,0.25232,0.25465
215,0.9871,1.0262,0.25000,0.25325,0.25655
216,0.9802,1.0407,0.25000,0.25504,0.26018
217,0.9778,1.0459,0.25000,0.25567,0.26147
218,0.9705,1.0618,0.25000,0.25761,0.26545
219,0.9482,1.1123,0.25000,0.26366,0.27807
220,0.9361,1.1411,0.25000,0.26706,0.28529
221,0.9242,1.1708,0.25000,0.27051,0.29270
222,0.8885,1.2667,0.25000,0.28137,0.31667
223,0.8678,1.3280,0.25000,0.28810,0.33200
224,0.8475,1.3923,0.25000,0.29499,0.34807
225,0.8716,1.3164,0.25000,0.28684,0.32911
226,0.8911,1.2593,0.25000,0.28054,0.31482
227,0.9415,1.1281,0.25000,0.26553,0.28203
228,0.9476,1.1137,0.25000,0.26383,0.27843
229,0.9581,1.0893,0.25000,0.26093,0.27233
230,0.9689,1.0653,0.25000,0.25803,0.26631
231,0.9760,1.0499,0.25000,0.25616,0.26246
232,0.9738,1.0546,0.25000,0.25673,0.26364
233,0.9764,1.0490,0.25000,0.25605,0.26224
234,0.9870,1.0265,0.25000,0.25329,0.25662
235,0.9894,1.0216,0.25000,0.25268,0.25539
236,0.9894,1.0215,0.25000,0.25267,0.25537
237,0.9942,1.0117,0.25000,0.25146,0.25294
238,0.9958,1.0085,0.25000,0.25106,0.25213
239,0.9958,1.0084,0.25000,0.25104,0.25209
240,0.9993,1.0015,0.25000,0.25019,0.25037
241,0.9998,1.0004,0.25000,0.25006,0.25011
242,0.9997,1.0006,0.25000,0.25007,0.25014
243,0.9954,1.0092,0.25000,0.25115,0.25230
244,0.9659,1.0719,0.25000,0.25883,0.26798
245,0.9623,1.0798,0.25000,0.25979,0.26996
246,0.9796,1.0421,0.25000,0.25521,0.26053
247,0.9781,1.0453,0.25000,0.25560,0.26132
248,0.9726,1.0570,0.25000,0.25703,0.26426
249,0.9733,1.0557,0.25000,0.25686,0.26391
250,0.9750,1.0520,0.25000,0.25642,0.26300
251,0.9850,1.0307,0.25000,0.25381,0.25769
252,0.9812,1.0386,0.25000,0.25478,0.25966
253,0.9554,1.0954,0.25000,0.26166,0.27386
254,0.9576,1.0905,0.25000,0.26107,0.27263
255,0.9975,1.0050,0.25000,0.25062,0.25125
256,0.9857,1.0291,0.25000,0.25362,0.25728
257,0.9787,1.0439,0.25000,0.25543,0.26098
258,0.9741,1.0538,0.25000,0.25664,0.26345
259,0.9555,1.0953,0.25000,0.26164,0.27382
260,0.9363,1.1406,0.25000,0.26700,0.28515
261,0.9324,1.1503,0.25000,0.26813,0.28757
262,0.9156,1.1929,0.25000,0.27305,0.29822
263,0.8681,1.3271,0.25000,0.28800,0.33177
264,0.8387,1.4216,0.25000,0.29808,0.35540
265,0.8403,1.4162,0.25000,0.29751,0.35406
266,0.8779,1.2975,0.25000,0.28477,0.32437
267,0.9271,1.1635,0.25000,0.26966,0.29087
268,0.9490,1.1105,0.25000,0.26345,0.27762
269,0.9590,1.0872,0.25000,0.26068,0.27181
270,0.9670,1.0695,0.25000,0.25854,0.26738
271,0.9764,1.0489,0.25000,0.25604,0.26222
272,0.9790,1.0433,0.25000,0.25536,0.26083
273,0.9805,1.0401,0.25000,0.25496,0.26003
274,0.9830,1.0348,0.25000,0.25431,0.25870
275,0.9932,1.0138,0.25000,0.25172,0.25344
276,0.9986,1.0028,0.25000,0.25034,0.25069
277,0.9998,1.0005,0.25000,0.25006,0.25012
278,0.9994,1.0012,0.25000,0.25015,0.25030
279,0.9994,1.0013,0.25000,0.25016,0.25032
280,0.9988,1.0025,0.25000,0.25031,0.25062
281,0.9987,1.0025,0.25000,0.25032,0.25063
282,0.9990,1.0021,0.25000,0.25026,0.25052
283,0.9991,1.0018,0.25000,0.25022,0.25045
284,0.9990,1.0020,0.25000,0.25025,0.25050
285,0.9999,1.0003,0.25000,0.25003,0.25007
286,0.9979,1.0043,0.25000,0.25053,0.25107
287,0.9476,1.1136,0.25000,0.26382,0.27841
288,0.9321,1.1511,0.25000,0.26822,0.28778
289,0.9507,1.1063,0.25000,0.26295,0.27658
290,0.9745,1.0530,0.25000,0.25653,0.26324
291,0.9789,1.0436,0.25000,0.25539,0.26089
292,0.9934,1.0132,0.25000,0.25165,0.25331
293,0.9807,1.0397,0.25000,0.25491,0.25992
294,0.9529,1.1013,0.25000,0.26236,0.27532
295,0.9527,1.1018,0.25000,0.26242,0.27545
296,0.9954,1.0092,0.25000,0.25115,0.25231
297,0.9800,1.0413,0.25000,0.25511,0.26033
298,0.9784,1.0447,0.25000,0.25553,0.26118
299,0.9630,1.0783,0.25000,0.25960,0.26958
300,0.9500,1.1081,0.25000,0.26317,0.27703
301,0.9244,1.1702,0.25000,0.27043,0.29254
302,0.9215,1.1777,0.25000,0.27130,0.29442
303,0.8982,1.2394,0.25000,0.27832,0.30985
304,0.8612,1.3482,0.25000,0.29028,0.33704
305,0.8388,1.4212,0.25000,0.29804,0.35531
306,0.8356,1.4323,0.25000,0.29920,0.35808
307,0.8911,1.2595,0.25000,0.28057,0.31487
308,0.9361,1.1411,0.25000,0.26705,0.28527
309,0.9509,1.1060,0.25000,0.26292,0.27651
310,0.9588,1.0878,0.25000,0.26074,0.27195
311,0.9712,1.0603,0.25000,0.25742,0.26506
312,0.9785,1.0444,0.25000,0.25549,0.26109
313,0.9795,1.0423,0.25000,0.25524,0.26058
314,0.9850,1.0306,0.25000,0.25380,0.25765
315,0.9993,1.0014,0.25000,0.25017,0.25034
316,0.9995,1.0010,0.25000,0.25012,0.25025
317,0.9947,1.0107,0.25000,0.25133,0.25266
318,0.9915,1.0171,0.25000,0.25213,0.25428
319,0.9928,1.0146,0.25000,0.25182,0.25365
320,0.9959,1.0083,0.25000,0.25103,0.25207
321,0.9966,1.0069,0.25000,0.25086,0.25172
322,0.9979,1.0042,0.25000,0.25052,0.25104
323,0.9980,1.0041,0.25000,0.25051,0.25103
324,0.9983,1.0033,0.25000,0.25042,0.25083
325,0.9981,1.0038,0.25000,0.25047,0.25094
326,0.9974,1.0053,0.25000,0.25066,0.25132
327,0.9964,1.0072,0.25000,0.25090,0.25181
328,0.9412,1.1289,0.25000,0.26563,0.28224
329,0.9123,1.2015,0.25000,0.27404,0.30038
330,0.9037,1.2244,0.25000,0.27663,0.30610
331,0.9553,1.0957,0.25000,0.26169,0.27393
332,0.9666,1.0702,0.25000,0.25863,0.26756
333,0.9914,1.0174,0.25000,0.25217,0.25436
334,0.9755,1.0510,0.25000,0.25629,0.26274
335,0.9446,1.1208,0.25000,0.26467,0.28021
336,0.9506,1.1066,0.25000,0.26299,0.27666
337,0.9937,1.0126,0.25000,0.25158,0.25316
338,0.9833,1.0342,0.25000,0.25424,0.25854
339,0.9799,1.0414,0.25000,0.25512,0.26034
340,0.9464,1.1164,0.25000,0.26415,0.27910
341,0.9108,1.2056,0.25000,0.27450,0.30140
342,0.9136,1.1981,0.25000,0.27365,0.29953
343,0.9165,1.1905,0.25000,0.27277,0.29761
344,0.8741,1.3089,0.25000,0.28602,0.32722
345,0.8551,1.3677,0.25000,0.29237,0.34192
346,0.8387,1.4218,0.25000,0.29809,0.35544
347,0.8711,1.3179,0.25000,0.28699,0.32946
348,0.9017,1.2299,0.25000,0.27726,0.30749
349,0.9394,1.1332,0.25000,0.26613,0.28330
350,0.9592,1.0869,0.25000,0.26064,0.27173
351,0.9671,1.0692,0.25000,0.25851,0.26731
352,0.9718,1.0589,0.25000,0.25725,0.26471
353,0.9752,1.0514,0.25000,0.25635,0.26286
354,0.9765,1.0487,0.25000,0.25602,0.26218
355,0.9861,1.0284,0.25000,0.25353,0.25710
356,0.9913,1.0177,0.25000,0.25220,0.25443
357,0.9820,1.0371,0.25000,0.25459,0.25926
358,0.9792,1.0429,0.25000,0.25531,0.26073
359,0.9866,1.0273,0.25000,0.25339,0.25683
360,0.9893,1.0218,0.25000,0.25271,0.25545
361,0.9921,1.0160,0.25000,0.25200,0.25401
362,0.9950,1.0100,0.25000,0.25125,0.25250
363,0.9952,1.0097,0.25000,0.25121,0.25242
364,0.9958,1.0084,0.25000,0.25105,0.25211
365,0.9962,1.0076,0.25000,0.25095,0.25190
366,0.9965,1.0070,0.25000,0.25087,0.25175
367,0.9960,1.0080,0.25000,0.25100,0.25200
368,0.9945,1.0112,0.25000,0.25139,0.25279
369,0.8671,1.3301,0.25000,0.28833,0.33254
370,0.8654,1.3352,0.25000,0.28888,0.33381
371,0.8681,1.3269,0.25000,0.28798,0.33174
372,0.9057,1.2190,0.25000,0.27602,0.30474
373,0.9180,1.1867,0.25000,0.27234,0.29667
374,0.9686,1.0659,0.25000,0.25810,0.26647
375,0.9670,1.0695,0.25000,0.25854,0.26738
376,0.9321,1.1511,0.25000,0.26822,0.28777
377,0.9478,1.1132,0.25000,0.26377,0.27831
378,0.9832,1.0345,0.25000,0.25427,0.25862
379,0.9881,1.0243,0.25000,0.25302,0.25608
380,0.9781,1.0452,0.25000,0.25559,0.26131
381,0.9257,1.1671,0.25000,0.27008,0.29177
382,0.9015,1.2306,0.25000,0.27733,0.30764
383,0.8992,1.2369,0.25000,0.27804,0.30922
384,0.9078,1.2134,0.25000,0.27539,0.30335
385,0.8816,1.2868,0.25000,0.28359,0.32169
386,0.8667,1.3313,0.25000,0.28846,0.33283
387,0.8607,1.3499,0.25000,0.29046,0.33747
388,0.9085,1.2116,0.25000,0.27518,0.30289
389,0.9473,1.1143,0.25000,0.26390,0.27857
390,0.9438,1.1227,0.25000,0.26490,0.28068
391,0.9682,1.0667,0.25000,0.25821,0.26669
392,0.9752,1.0515,0.25000,0.25636,0.26289
393,0.9759,1.0500,0.25000,0.25618,0.26250
394,0.9781,1.0452,0.25000,0.25559,0.26130
395,0.9923,1.0156,0.25000,0.25194,0.25389
396,0.9940,1.0122,0.25000,0.25152,0.25305
397,0.9750,1.0518,0.25000,0.25640,0.26296
398,0.9645,1.0749,0.25000,0.25919,0.26872
399,0.9798,1.0417,0.25000,0.25516,0.26042
400,0.9864,1.0278,0.25000,0.25345,0.25695
401,0.9892,1.0219,0.25000,0.25273,0.25548
402,0.9919,1.0164,0.25000,0.25204,0.25410
403,0.9930,1.0141,0.25000,0.25176,0.25353
404,0.9942,1.0117,0.25000,0.25146,0.25293
405,0.9929,1.0143,0.25000,0.25178,0.25356
406,0.9938,1.0125,0.25000,0.25156,0.25312
407,0.9944,1.0114,0.25000,0.25142,0.25285
408,0.9950,1.0102,0.25000,0.25127,0.25254
409,0.9948,1.0105,0.25000,0.25131,0.25263
410,0.8304,1.4502,0.25000,0.30106,0.36255
411,0.8281,1.4584,0.25000,0.30191,0.36460
412,0.8494,1.3860,0.25000,0.29433,0.34651
413,0.8682,1.3267,0.25000,0.28795,0.33167
414,0.8558,1.3655,0.25000,0.29213,0.34137
415,0.8213,1.4824,0.25000,0.30439,0.37061
416,0.8704,1.3199,0.25000,0.28721,0.32996
417,0.8711,1.3177,0.25000,0.28698,0.32943
418,0.9418,1.1274,0.25000,0.26545,0.28186
419,0.9712,1.0602,0.25000,0.25741,0.26504
420,0.9899,1.0206,0.25000,0.25256,0.25514
421,0.9700,1.0628,0.25000,0.25772,0.26569
422,0.9241,1.1710,0.25000,0.27054,0.29276
423,0.8896,1.2635,0.25000,0.28101,0.31587
424,0.8993,1.2365,0.25000,0.27799,0.30911
425,0.9072,1.2151,0.25000,0.27558,0.30378
426,0.8944,1.2501,0.25000,0.27952,0.31253
427,0.8901,1.2621,0.25000,0.28086,0.31552
428,0.9210,1.1789,0.25000,0.27144,0.29472
429,0.9635,1.0772,0.25000,0.25948,0.26931
430,0.9598,1.0856,0.25000,0.26048,0.27140
431,0.9505,1.1070,0.25000,0.26303,0.27674
432,0.9659,1.0718,0.25000,0.25882,0.26796
433,0.9746,1.0529,0.25000,0.25652,0.26322
434,0.9794,1.0426,0.25000,0.25527,0.26065
435,0.9810,1.0391,0.25000,0.25484,0.25978
436,0.9990,1.0020,0.25000,0.25025,0.25050
437,0.9833,1.0343,0.25000,0.25425,0.25856
438,0.9541,1.0984,0.25000,0.26202,0.27461
439,0.9738,1.0546,0.25000,0.25673,0.26365
440,0.9762,1.0494,0.25000,0.25609,0.26234
441,0.9764,1.0489,0.25000,0.25604,0.26222
442,0.9884,1.0236,0.25000,0.25293,0.25589
443,0.9895,1.0214,0.25000,0.25266,0.25535
444,0.9936,1.0130,0.25000,0.25161,0.25324
445,0.9944,1.0112,0.25000,0.25139,0.25280
446,0.9936,1.0129,0.25000,0.25161,0.25323
447,0.9948,1.0106,0.25000,0.25132,0.25264
448,0.9956,1.0088,0.25000,0.25109,0.25219
449,0.9967,1.0066,0.25000,0.25082,0.25164
450,0.9943,1.0115,0.25000,0.25143,0.25286
451,0.7990,1.5663,0.25000,0.31288,0.39157
452,0.7683,1.6940,0.25000,0.32538,0.42349
453,0.8054,1.5416,0.25000,0.31040,0.38540
454,0.8242,1.4722,0.25000,0.30334,0.36805
455,0.8605,1.3504,0.25000,0.29051,0.33759
456,0.8258,1.4665,0.25000,0.30274,0.36661
457,0.7994,1.5647,0.25000,0.31272,0.39116
458,0.7805,1.6416,0.25000,0.32031,0.41041
459,0.9123,1.2014,0.25000,0.27402,0.30036
460,0.9695,1.0639,0.25000,0.25786,0.26597
461,0.9768,1.0480,0.25000,0.25593,0.26200
462,0.9843,1.0321,0.25000,0.25398,0.25802
463,0.9226,1.1749,0.25000,0.27098,0.29372
464,0.9020,1.2290,0.25000,0.27715,0.30725
465,0.9000,1.2347,0.25000,0.27779,0.30867
466,0.8882,1.2677,0.25000,0.28148,0.31692
467,0.8825,1.2841,0.25000,0.28329,0.32101
468,0.8995,1.2359,0.25000,0.27793,0.30897
469,0.9371,1.1386,0.25000,0.26677,0.28466
470,0.9650,1.0739,0.25000,0.25907,0.26846
471,0.9656,1.0725,0.25000,0.25890,0.26812
472,0.9477,1.1135,0.25000,0.26380,0.27837
473,0.9494,1.1094,0.25000,0.26332,0.27736
474,0.9706,1.0615,0.25000,0.25758,0.26538
475,0.9806,1.0400,0.25000,0.25495,0.25999
476,0.9997,1.0007,0.25000,0.25009,0.25017
477,0.9891,1.0221,0.25000,0.25274,0.25552
478,0.9690,1.0650,0.25000,0.25800,0.26626
479,0.9555,1.0953,0.25000,0.26164,0.27383
480,0.9741,1.0538,0.25000,0.25664,0.26345
481,0.9746,1.0527,0.25000,0.25651,0.26318
482,0.9697,1.0635,0.25000,0.25781,0.26587
483,0.9679,1.0674,0.25000,0.25829,0.26686
484,0.9809,1.0394,0.25000,0.25488,0.25986
485,0.9888,1.0227,0.25000,0.25282,0.25567
486,0.9937,1.0128,0.25000,0.25159,0.25319
487,0.9948,1.0104,0.25000,0.25130,0.25261
488,0.9957,1.0087,0.25000,0.25109,0.25218
489,0.9965,1.0070,0.25000,0.25087,0.25174
490,0.9975,1.0050,0.25000,0.25062,0.25125
491,0.9947,1.0107,0.25000,0.25133,0.25267
492,0.7502,1.7768,0.25000,0.33324,0.44419
493,0.7498,1.7786,0.25000,0.33341,0.44466
494,0.8261,1.4654,0.25000,0.30263,0.36634
495,0.8487,1.3884,0.25000,0.29457,0.34709
496,0.8844,1.2784,0.25000,0.28267,0.31961
497,0.8469,1.3943,0.25000,0.29520,0.34857
498,0.8035,1.5488,0.25000,0.31113,0.38721
499,0.7795,1.6458,0.25000,0.32072,0.41144
500,0.8391,1.4201,0.25000,0.29792,0.35503
501,0.9484,1.1119,0.25000,0.26361,0.27797
502,0.9790,1.0434,0.25000,0.25537,0.26085
503,0.9902,1.0199,0.25000,0.25248,0.25498
504,0.9295,1.1575,0.25000,0.26896,0.28937
505,0.9083,1.2120,0.25000,0.27523,0.30300
506,0.9018,1.2296,0.25000,0.27722,0.30740
507,0.8761,1.3029,0.25000,0.28536,0.32573
508,0.8610,1.3488,0.25000,0.29035,0.33720
509,0.8843,1.2788,0.25000,0.28271,0.31969
510,0.9408,1.1297,0.25000,0.26572,0.28242
511,0.9737,1.0547,0.25000,0.25675,0.26368
512,0.9624,1.0798,0.25000,0.25978,0.26994
513,0.9430,1.1244,0.25000,0.26510,0.28111
514,0.9518,1.1039,0.25000,0.26266,0.27597
515,0.9689,1.0652,0.25000,0.25803,0.26631
516,0.9943,1.0115,0.25000,0.25144,0.25288
517,0.9973,1.0054,0.25000,0.25068,0.25136
518,0.9820,1.0370,0.25000,0.25458,0.25924
519,0.9647,1.0744,0.25000,0.25914,0.26861
520,0.9499,1.1083,0.25000,0.26319,0.27708
521,0.9644,1.0753,0.25000,0.25924,0.26882
522,0.9801,1.0410,0.25000,0.25508,0.26026
523,0.9645,1.0750,0.25000,0.25920,0.26874
524,0.9653,1.0733,0.25000,0.25900,0.26832
525,0.9679,1.0673,0.25000,0.25828,0.26683
526,0.9840,1.0328,0.25000,0.25407,0.25820
527,0.9875,1.0254,0.25000,0.25315,0.25634
528,0.9944,1.0112,0.25000,0.25140,0.25280
529,0.9935,1.0131,0.25000,0.25163,0.25326
530,0.9945,1.0111,0.25000,0.25138,0.25277
531,0.9969,1.0062,0.25000,0.25078,0.25155
532,0.9921,1.0160,0.25000,0.25200,0.25401
533,0.7804,1.6419,0.25000,0.32034,0.41047
534,0.7818,1.6361,0.25000,0.31977,0.40901
535,0.8848,1.2774,0.25000,0.28255,0.31935
536,0.9124,1.2013,0.25000,0.27401,0.30033
537,0.9160,1.1918,0.25000,0.27292,0.29794
538,0.8838,1.2802,0.25000,0.28286,0.32005
539,0.8235,1.4744,0.25000,0.30356,0.36861
540,0.7780,1.6520,0.25000,0.32133,0.41300
541,0.8323,1.4436,0.25000,0.30037,0.36090
542,0.9606,1.0838,0.25000,0.26027,0.27095
543,0.9773,1.0471,0.25000,0.25582,0.26177
544,0.9956,1.0088,0.25000,0.25110,0.25220
545,0.9446,1.1207,0.25000,0.26466,0.28018
546,0.9150,1.1945,0.25000,0.27323,0.29862
547,0.9066,1.2167,0.25000,0.27576,0.30418
548,0.8737,1.3099,0.25000,0.28613,0.32748
549,0.8559,1.3652,0.25000,0.29211,0.34130
550,0.8788,1.2948,0.25000,0.28447,0.32369
551,0.9472,1.1147,0.25000,0.26394,0.27867
552,0.9721,1.0583,0.25000,0.25718,0.26456
553,0.9540,1.0987,0.25000,0.26205,0.27468
554,0.9457,1.1182,0.25000,0.26437,0.27956
555,0.9589,1.0875,0.25000,0.26071,0.27188
556,0.9785,1.0444,0.25000,0.25549,0.26111
557,0.9947,1.0107,0.25000,0.25133,0.25267
558,0.9904,1.0195,0.25000,0.25242,0.25487
559,0.9750,1.0520,0.25000,0.25642,0.26300
560,0.9447,1.1205,0.25000,0.26464,0.28013
561,0.9401,1.1315,0.25000,0.26593,0.28288
562,0.9559,1.0944,0.25000,0.26153,0.27359
563,0.9759,1.0499,0.25000,0.25616,0.26248
564,0.9639,1.0764,0.25000,0.25937,0.26909
565,0.9641,1.0758,0.25000,0.25930,0.26895
566,0.9645,1.0750,0.25000,0.25920,0.26875
567,0.9690,1.0651,0.25000,0.25800,0.26627
568,0.9764,1.0488,0.25000,0.25603,0.26221
569,0.9903,1.0197,0.25000,0.25245,0.25493
570,0.9927,1.0148,0.25000,0.25184,0.25369
571,0.9918,1.0166,0.25000,0.25207,0.25415
572,0.9914,1.0174,0.25000,0.25216,0.25435
573,0.9913,1.0176,0.25000,0.25219,0.25440
574,0.8084,1.5301,0.25000,0.30924,0.38252
575,0.8221,1.4797,0.25000,0.30410,0.36992
576,0.9173,1.1885,0.25000,0.27254,0.29711
577,0.9585,1.0885,0.25000,0.26083,0.27212
578,0.9306,1.1548,0.25000,0.26865,0.28870
579,0.8861,1.2737,0.25000,0.28215,0.31843
580,0.8529,1.3745,0.25000,0.29310,0.34363
581,0.8204,1.4857,0.25000,0.30472,0.37141
582,0.8188,1.4914,0.25000,0.30531,0.37286
583,0.9119,1.2026,0.25000,0.27416,0.30066
584,0.9661,1.0714,0.25000,0.25877,0.26785
585,0.9914,1.0173,0.25000,0.25216,0.25433
586,0.9536,1.0997,0.25000,0.26217,0.27494
587,0.9216,1.1773,0.25000,0.27126,0.29433
588,0.9089,1.2105,0.25000,0.27506,0.30262
589,0.8783,1.2964,0.25000,0.28465,0.32410
590,0.8561,1.3645,0.25000,0.29203,0.34112
591,0.8868,1.2715,0.25000,0.28190,0.31788
592,0.9392,1.1337,0.25000,0.26619,0.28343
593,0.9469,1.1153,0.25000,0.26402,0.27884
594,0.9500,1.1080,0.25000,0.26316,0.27700
595,0.9551,1.0963,0.25000,0.26176,0.27407
596,0.9629,1.0785,0.25000,0.25963,0.26963
597,0.9763,1.0490,0.25000,0.25606,0.26226
598,0.9998,1.0004,0.25000,0.25004,0.25009
599,0.9841,1.0326,0.25000,0.25404,0.25815
600,0.9672,1.0690,0.25000,0.25849,0.26726
601,0.9445,1.1210,0.25000,0.26469,0.28025
602,0.9421,1.1268,0.25000,0.26537,0.28169
603,0.9490,1.1105,0.25000,0.26345,0.27762
604,0.9767,1.0484,0.25000,0.25597,0.26209
605,0.9578,1.0901,0.25000,0.26102,0.27253
606,0.9527,1.1017,0.25000,0.26240,0.27542
607,0.9466,1.1159,0.25000,0.26409,0.27898
608,0.9497,1.1088,0.25000,0.26325,0.27720
609,0.9613,1.0821,0.25000,0.26006,0.27053
610,0.9687,1.0658,0.25000,0.25809,0.26644
611,0.9890,1.0224,0.25000,0.25279,0.25561
612,0.9886,1.0231,0.25000,0.25287,0.25578
613,0.9913,1.0176,0.25000,0.25218,0.25439
614,0.9929,1.0143,0.25000,0.25178,0.25358
615,0.8634,1.3413,0.25000,0.28954,0.33534
616,0.9261,1.1660,0.25000,0.26995,0.29150
617,0.9405,1.1306,0.25000,0.26582,0.28264
618,0.9802,1.0408,0.25000,0.25505,0.26020
619,0.9630,1.0783,0.25000,0.25960,0.26957
620,0.8943,1.2503,0.25000,0.27955,0.31258
621,0.8540,1.3711,0.25000,0.29273,0.34277
622,0.8282,1.4579,0.25000,0.30186,0.36448
623,0.8206,1.4852,0.25000,0.30467,0.37130
624,0.8824,1.2843,0.25000,0.28332,0.32108
625,0.9593,1.0867,0.25000,0.26061,0.27166
626,0.9850,1.0307,0.25000,0.25381,0.25767
627,0.9648,1.0743,0.25000,0.25913,0.26858
628,0.9249,1.1691,0.25000,0.27031,0.29226
629,0.9141,1.1968,0.25000,0.27349,0.29919
630,0.8809,1.2888,0.25000,0.28381,0.32220
631,0.8555,1.3664,0.25000,0.29223,0.34159
632,0.8855,1.2754,0.25000,0.28233,0.31885
633,0.9252,1.1683,0.25000,0.27022,0.29208
634,0.9374,1.1380,0.25000,0.26669,0.28450
635,0.9515,1.1046,0.25000,0.26275,0.27616
636,0.9611,1.0827,0.25000,0.26013,0.27067
637,0.9621,1.0803,0.25000,0.25984,0.27006
638,0.9936,1.0130,0.25000,0.25161,0.25324
639,0.9923,1.0156,0.25000,0.25194,0.25391
640,0.9753,1.0513,0.25000,0.25633,0.26281
641,0.9694,1.0641,0.25000,0.25789,0.26602
642,0.9462,1.1168,0.25000,0.26420,0.27921
643,0.9330,1.1489,0.25000,0.26797,0.28722
644,0.9292,1.1583,0.25000,0.26906,0.28957
645,0.9723,1.0577,0.25000,0.25711,0.26443
646,0.9597,1.0858,0.25000,0.26051,0.27146
647,0.9407,1.1300,0.25000,0.26575,0.28249
648,0.9356,1.1423,0.25000,0.26720,0.28558
649,0.9311,1.1535,0.25000,0.26850,0.28837
650,0.9319,1.1514,0.25000,0.26826,0.28785
651,0.9540,1.0987,0.25000,0.26205,0.27468
652,0.9723,1.0577,0.25000,0.25712,0.26444
653,0.9790,1.0434,0.25000,0.25536,0.26084
654,0.9879,1.0247,0.25000,0.25307,0.25618
655,0.9843,1.0321,0.25000,0.25397,0.25801
656,0.7950,1.5823,0.25000,0.31448,0.39558
657,0.8020,1.5548,0.25000,0.31173,0.38870
658,0.9114,1.2040,0.25000,0.27431,0.30099
659,0.9802,1.0409,0.25000,0.25506,0.26022
660,0.9837,1.0335,0.25000,0.25415,0.25836
661,0.9010,1.2319,0.25000,0.27747,0.30797
662,0.8586,1.3566,0.25000,0.29118,0.33915
663,0.8192,1.4900,0.25000,0.30516,0.37250
664,0.8175,1.4965,0.25000,0.30582,0.37411
665,0.8800,1.2914,0.25000,0.28409,0.32284
666,0.9400,1.1317,0.25000,0.26595,0.28292
667,0.9908,1.0187,0.25000,0.25232,0.25466
668,0.9740,1.0540,0.25000,0.25666,0.26351
669,0.9347,1.1446,0.25000,0.26747,0.28616
670,0.9150,1.1943,0.25000,0.27321,0.29858
671,0.8682,1.3267,0.25000,0.28795,0.33166
672,0.8393,1.4196,0.25000,0.29787,0.35490
673,0.8741,1.3088,0.25000,0.28600,0.32719
674,0.9197,1.1824,0.25000,0.27184,0.29559
675,0.9392,1.1338,0.25000,0.26620,0.28344
676,0.9620,1.0806,0.25000,0.25988,0.27016
677,0.9624,1.0797,0.25000,0.25977,0.26992
678,0.9588,1.0878,0.25000,0.26074,0.27194
679,0.9985,1.0030,0.25000,0.25038,0.25075
680,0.9783,1.0449,0.25000,0.25555,0.26122
681,0.9690,1.0650,0.25000,0.25800,0.26625
682,0.9569,1.0922,0.25000,0.26126,0.27304
683,0.9386,1.1351,0.25000,0.26635,0.28376
684,0.9178,1.1871,0.25000,0.27239,0.29678
685,0.9160,1.1919,0.25000,0.27294,0.29798
686,0.9678,1.0677,0.25000,0.25832,0.26693
687,0.9587,1.0880,0.25000,0.26077,0.27200
688,0.9499,1.1084,0.25000,0.26320,0.27709
689,0.9383,1.1359,0.25000,0.26645,0.28398
690,0.9292,1.1583,0.25000,0.26906,0.28957
691,0.9345,1.1451,0.25000,0.26752,0.28627
692,0.9469,1.1152,0.25000,0.26401,0.27880
693,0.9600,1.0850,0.25000,0.26041,0.27125
694,0.9684,1.0663,0.25000,0.25815,0.26656
695,0.9730,1.0563,0.25000,0.25694,0.26407
696,0.9623,1.0798,0.25000,0.25979,0.26996
697,0.8123,1.5154,0.25000,0.30775,0.37884
698,0.7864,1.6171,0.25000,0.31791,0.40426
699,0.8302,1.4509,0.25000,0.30113,0.36273
700,0.9124,1.2012,0.25000,0.27399,0.30029
701,0.9983,1.0034,0.25000,0.25043,0.25086
702,0.9272,1.1633,0.25000,0.26964,0.29082
703,0.8736,1.3105,0.25000,0.28619,0.32761
704,0.8171,1.4979,0.25000,0.30597,0.37448
705,0.8154,1.5040,0.25000,0.30660,0.37601
706,0.8785,1.2958,0.25000,0.28458,0.32394
707,0.9091,1.2099,0.25000,0.27498,0.30247
708,0.9932,1.0138,0.25000,0.25172,0.25344
709,0.9696,1.0638,0.25000,0.25785,0.26594
710,0.9287,1.1595,0.25000,0.26920,0.28988
711,0.9139,1.1972,0.25000,0.27355,0.29931
712,0.8582,1.3578,0.25000,0.29131,0.33945
713,0.8351,1.4339,0.25000,0.29936,0.35848
714,0.8737,1.3100,0.25000,0.28614,0.32751
715,0.9211,1.1786,0.25000,0.27140,0.29464
716,0.9467,1.1158,0.25000,0.26408,0.27896
717,0.9615,1.0816,0.25000,0.26000,0.27039
718,0.9614,1.0818,0.25000,0.26003,0.27046
719,0.9689,1.0652,0.25000,0.25802,0.26629
720,0.9990,1.0020,0.25000,0.25025,0.25050
721,0.9609,1.0829,0.25000,0.26016,0.27073
722,0.9366,1.1400,0.25000,0.26692,0.28500
723,0.9188,1.1846,0.25000,0.27210,0.29616
724,0.9112,1.2044,0.25000,0.27436,0.30110
725,0.8859,1.2742,0.25000,0.28220,0.31855
726,0.9120,1.2024,0.25000,0.27413,0.30059
727,0.9566,1.0928,0.25000,0.26135,0.27321
728,0.9775,1.0466,0.25000,0.25576,0.26165
729,0.9648,1.0742,0.25000,0.25911,0.26855
730,0.9442,1.1218,0.25000,0.26478,0.28044
731,0.9326,1.1498,0.25000,0.26807,0.28745
732,0.9358,1.1420,0.25000,0.26716,0.28549
733,0.9419,1.1271,0.25000,0.26541,0.28178
734,0.9607,1.0834,0.25000,0.26022,0.27086
735,0.9608,1.0832,0.25000,0.26020,0.27081
736,0.9563,1.0935,0.25000,0.26143,0.27338
737,0.9349,1.1442,0.25000,0.26742,0.28605
738,0.8105,1.5221,0.25000,0.30843,0.38053
739,0.7953,1.5809,0.25000,0.31433,0.39522
740,0.8213,1.4826,0.25000,0.30441,0.37065
741,0.8842,1.2791,0.25000,0.28274,0.31977
742,0.9837,1.0334,0.25000,0.25414,0.25835
743,0.9394,1.1333,0.25000,0.26614,0.28332
744,0.8813,1.2876,0.25000,0.28368,0.32189
745,0.8383,1.4230,0.25000,0.29823,0.35576
746,0.8283,1.4576,0.25000,0.30183,0.36441
747,0.8496,1.3855,0.25000,0.29426,0.34637
748,0.8687,1.3253,0.25000,0.28780,0.33131
749,0.9681,1.0669,0.25000,0.25823,0.26674
750,0.9662,1.0712,0.25000,0.25875,0.26781
751,0.9259,1.1664,0.25000,0.27000,0.29160
752,0.9012,1.2312,0.25000,0.27740,0.30780
753,0.8504,1.3829,0.25000,0.29400,0.34573
754,0.8371,1.4272,0.25000,0.29867,0.35680
755,0.8820,1.2855,0.25000,0.28345,0.32137
756,0.9317,1.1520,0.25000,0.26833,0.28800
757,0.9392,1.1336,0.25000,0.26618,0.28341
758,0.9560,1.0941,0.25000,0.26150,0.27354
759,0.9529,1.1013,0.25000,0.26235,0.27532
760,0.9678,1.0676,0.25000,0.25831,0.26689
761,0.9931,1.0139,0.25000,0.25174,0.25348
762,0.9541,1.0986,0.25000,0.26204,0.27466
763,0.9283,1.1604,0.25000,0.26930,0.29009
764,0.9069,1.2160,0.25000,0.27568,0.30399
765,0.9245,1.1699,0.25000,0.27041,0.29248
766,0.9291,1.1584,0.25000,0.26907,0.28959
767,0.9197,1.1822,0.25000,0.27182,0.29555
768,0.9510,1.1058,0.25000,0.26289,0.27645
769,0.9586,1.0882,0.25000,0.26079,0.27205
770,0.9519,1.1037,0.25000,0.26264,0.27592
771,0.9400,1.1317,0.25000,0.26595,0.28293
772,0.9271,1.1636,0.25000,0.26967,0.29089
773,0.9310,1.1537,0.25000,0.26853,0.28843
774,0.9411,1.1290,0.25000,0.26564,0.28226
775,0.9553,1.0958,0.25000,0.26170,0.27395
776,0.9579,1.0898,0.25000,0.26099,0.27246
777,0.9271,1.1636,0.25000,0.26967,0.29089
778,0.9271,1.1634,0.25000,0.26965,0.29085
779,0.7811,1.6390,0.25000,0.32006,0.40976
780,0.7781,1.6518,0.25000,0.32130,0.41294
781,0.8188,1.4914,0.25000,0.30531,0.37285
782,0.8686,1.3255,0.25000,0.28782,0.33137
783,0.9615,1.0817,0.25000,0.26002,0.27043
784,0.9439,1.1225,0.25000,0.26486,0.28061
785,0.8941,1.2508,0.25000,0.27960,0.31271
786,0.8839,1.2799,0.25000,0.28283,0.31996
787,0.8296,1.4530,0.25000,0.30135,0.36325
788,0.8276,1.4601,0.25000,0.30209,0.36502
789,0.8494,1.3860,0.25000,0.29432,0.34650
790,0.9759,1.0499,0.25000,0.25617,0.26249
791,0.9462,1.1170,0.25000,0.26421,0.27924
792,0.9128,1.2003,0.25000,0.27390,0.30008
793,0.8912,1.2591,0.25000,0.28052,0.31477
794,0.8663,1.3324,0.25000,0.28857,0.33310
795,0.8681,1.3269,0.25000,0.28797,0.33171
796,0.8879,1.2685,0.25000,0.28157,0.31712
797,0.9291,1.1584,0.25000,0.26907,0.28960
798,0.9317,1.1520,0.25000,0.26833,0.28801
799,0.9439,1.1225,0.25000,0.26487,0.28062
800,0.9551,1.0962,0.25000,0.26175,0.27406
801,0.9868,1.0269,0.25000,0.25334,0.25673
802,0.9883,1.0239,0.25000,0.25297,0.25598
803,0.9577,1.0903,0.25000,0.26105,0.27258
804,0.9390,1.1342,0.25000,0.26625,0.28355
805,0.9096,1.2087,0.25000,0.27485,0.30218
806,0.9205,1.1801,0.25000,0.27158,0.29502
807,0.9525,1.1023,0.25000,0.26247,0.27557
808,0.9226,1.1747,0.25000,0.27096,0.29369
809,0.9349,1.1441,0.25000,0.26741,0.28604
810,0.9421,1.1267,0.25000,0.26537,0.28168
811,0.9331,1.1484,0.25000,0.26791,0.28711
812,0.9238,1.1717,0.25000,0.27061,0.29292
813,0.9187,1.1848,0.25000,0.27213,0.29621
814,0.9232,1.1733,0.25000,0.27080,0.29332
815,0.9260,1.1661,0.25000,0.26997,0.29153
816,0.9431,1.1243,0.25000,0.26509,0.28108
817,0.9397,1.1325,0.25000,0.26605,0.28312
818,0.9290,1.1588,0.25000,0.26911,0.28969
819,0.9297,1.1570,0.25000,0.26891,0.28924
820,0.8107,1.5215,0.25000,0.30837,0.38036
821,0.7723,1.6764,0.25000,0.32369,0.41911
822,0.7788,1.6489,0.25000,0.32102,0.41222
823,0.8505,1.3826,0.25000,0.29396,0.34565
824,0.9645,1.0750,0.25000,0.25921,0.26875
825,0.9844,1.0319,0.25000,0.25396,0.25799
826,0.9043,1.2228,0.25000,0.27645,0.30571
827,0.8859,1.2742,0.25000,0.28220,0.31855
828,0.8425,1.4089,0.25000,0.29674,0.35223
829,0.8195,1.4889,0.25000,0.30505,0.37222
830,0.8290,1.4551,0.25000,0.30157,0.36379
831,0.9533,1.1003,0.25000,0.26224,0.27508
832,0.9500,1.1080,0.25000,0.26316,0.27700
833,0.9104,1.2064,0.25000,0.27459,0.30160
834,0.9012,1.2314,0.25000,0.27742,0.30785
835,0.8827,1.2835,0.25000,0.28323,0.32088
836,0.8935,1.2527,0.25000,0.27981,0.31317
837,0.8995,1.2359,0.25000,0.27793,0.30898
838,0.9049,1.2212,0.25000,0.27627,0.30531
839,0.9246,1.1698,0.25000,0.27040,0.29246
840,0.9460,1.1174,0.25000,0.26427,0.27935
841,0.9682,1.0667,0.25000,0.25821,0.26669
842,0.9965,1.0071,0.25000,0.25088,0.25176
843,0.9892,1.0220,0.25000,0.25273,0.25549
844,0.9629,1.0785,0.25000,0.25962,0.26961
845,0.9476,1.1136,0.25000,0.26381,0.27839
846,0.9234,1.1728,0.25000,0.27074,0.29321
847,0.9121,1.2021,0.25000,0.27410,0.30052
848,0.9231,1.1734,0.25000,0.27081,0.29336
849,0.9164,1.1907,0.25000,0.27279,0.29767
850,0.9119,1.2024,0.25000,0.27414,0.30061
851,0.9542,1.0984,0.25000,0.26201,0.27460
852,0.9375,1.1379,0.25000,0.26668,0.28447
853,0.9177,1.1874,0.25000,0.27242,0.29686
854,0.9097,1.2084,0.25000,0.27481,0.30209
855,0.9049,1.2212,0.25000,0.27627,0.30530
856,0.8996,1.2358,0.25000,0.27791,0.30894
857,0.9191,1.1837,0.25000,0.27200,0.29594
858,0.9265,1.1649,0.25000,0.26982,0.29121
859,0.9322,1.1508,0.25000,0.26819,0.28771
860,0.9321,1.1510,0.25000,0.26821,0.28776
861,0.8131,1.5124,0.25000,0.30745,0.37811
862,0.7986,1.5678,0.25000,0.31303,0.39195
863,0.7818,1.6362,0.25000,0.31978,0.40905
864,0.8259,1.4661,0.25000,0.30271,0.36652
865,0.9283,1.1606,0.25000,0.26932,0.29014
866,0.9973,1.0055,0.25000,0.25069,0.25137
867,0.9319,1.1515,0.25000,0.26827,0.28788
868,0.8842,1.2790,0.25000,0.28273,0.31974
869,0.8333,1.4402,0.25000,0.30002,0.36005
870,0.8032,1.5501,0.25000,0.31126,0.38754
871,0.8065,1.5374,0.25000,0.30998,0.38436
872,0.9145,1.1956,0.25000,0.27336,0.29890
873,0.9666,1.0702,0.25000,0.25863,0.26755
874,0.9100,1.2075,0.25000,0.27472,0.30188
875,0.9039,1.2238,0.25000,0.27656,0.30595
876,0.8817,1.2863,0.25000,0.28354,0.32158
877,0.8824,1.2843,0.25000,0.28332,0.32108
878,0.8849,1.2770,0.25000,0.28251,0.31926
879,0.8961,1.2453,0.25000,0.27898,0.31132
880,0.9193,1.1832,0.25000,0.27194,0.29580
881,0.9525,1.1022,0.25000,0.26246,0.27555
882,0.9720,1.0585,0.25000,0.25721,0.26462
883,0.9987,1.0026,0.25000,0.25032,0.25065
884,0.9899,1.0205,0.25000,0.25255,0.25512
885,0.9686,1.0659,0.25000,0.25810,0.26646
886,0.9461,1.1171,0.25000,0.26424,0.27928
887,0.9310,1.1538,0.25000,0.26854,0.28845
888,0.9201,1.1811,0.25000,0.27170,0.29527
889,0.9060,1.2183,0.25000,0.27594,0.30457
890,0.8896,1.2636,0.25000,0.28102,0.31589
891,0.8653,1.3355,0.25000,0.28891,0.33388
892,0.9114,1.2040,0.25000,0.27431,0.30099
893,0.9680,1.0672,0.25000,0.25826,0.26679
894,0.9010,1.2317,0.25000,0.27746,0.30793
895,0.8922,1.2563,0.25000,0.28021,0.31407
896,0.8900,1.2625,0.25000,0.28090,0.31561
897,0.8855,1.2753,0.25000,0.28232,0.31883
898,0.8991,1.2369,0.25000,0.27804,0.30923
899,0.9141,1.1968,0.25000,0.27349,0.29919
900,0.9326,1.1498,0.25000,0.26808,0.28746
901,0.9351,1.1436,0.25000,0.26735,0.28590
902,0.8182,1.4939,0.25000,0.30556,0.37347
903,0.8102,1.5233,0.25000,0.30855,0.38081
904,0.7788,1.6489,0.25000,0.32103,0.41223
905,0.8183,1.4935,0.25000,0.30552,0.37337
906,0.8857,1.2749,0.25000,0.28227,0.31871
907,0.9939,1.0122,0.25000,0.25152,0.25305
908,0.9572,1.0914,0.25000,0.26117,0.27285
909,0.8911,1.2593,0.25000,0.28054,0.31482
910,0.8515,1.3793,0.25000,0.29361,0.34482
911,0.8227,1.4774,0.25000,0.30387,0.36934
912,0.8036,1.5486,0.25000,0.31110,0.38714
913,0.9090,1.2102,0.25000,0.27502,0.30254
914,0.9940,1.0122,0.25000,0.25152,0.25304
915,0.9331,1.1485,0.25000,0.26792,0.28713
916,0.9032,1.2259,0.25000,0.27680,0.30647
917,0.8851,1.2764,0.25000,0.28244,0.31910
918,0.8620,1.3457,0.25000,0.29001,0.33642
919,0.8512,1.3801,0.25000,0.29369,0.34501
920,0.8729,1.3124,0.25000,0.28640,0.32809
921,0.9100,1.2075,0.25000,0.27472,0.30188
922,0.9400,1.1318,0.25000,0.26597,0.28296
923,0.9718,1.0588,0.25000,0.25724,0.26470
924,0.9954,1.0093,0.25000,0.25115,0.25231
925,0.9904,1.0196,0.25000,0.25243,0.25489
926,0.9696,1.0636,0.25000,0.25783,0.26590
927,0.9437,1.1228,0.25000,0.26490,0.28070
928,0.9284,1.1603,0.25000,0.26929,0.29007
929,0.9157,1.1926,0.25000,0.27301,0.29814
930,0.8978,1.2407,0.25000,0.27847,0.31018
931,0.8771,1.2999,0.25000,0.28503,0.32497
932,0.8651,1.3363,0.25000,0.28900,0.33408
933,0.9225,1.1750,0.25000,0.27099,0.29375
934,0.9827,1.0355,0.25000,0.25440,0.25888
935,0.9276,1.1621,0.25000,0.26950,0.29053
936,0.9078,1.2135,0.25000,0.27539,0.30337
937,0.8835,1.2812,0.25000,0.28298,0.32030
938,0.8827,1.2835,0.25000,0.28322,0.32086
939,0.8928,1.2546,0.25000,0.28002,0.31364
940,0.9088,1.2107,0.25000,0.27508,0.30268
941,0.9347,1.1445,0.25000,0.26745,0.28613
942,0.9358,1.1418,0.25000,0.26714,0.28545
943,0.8154,1.5039,0.25000,0.30658,0.37597
944,0.8104,1.5228,0.25000,0.30851,0.38071
945,0.7780,1.6523,0.25000,0.32136,0.41308
946,0.7913,1.5970,0.25000,0.31593,0.39925
947,0.8891,1.2651,0.25000,0.28119,0.31627
948,0.9778,1.0459,0.25000,0.25567,0.26147
949,0.9818,1.0374,0.25000,0.25463,0.25935
950,0.8870,1.2710,0.25000,0.28184,0.31774
951,0.8651,1.3363,0.25000,0.28899,0.33407
952,0.8289,1.4556,0.25000,0.30162,0.36389
953,0.8357,1.4320,0.25000,0.29916,0.35800
954,0.8621,1.3454,0.25000,0.28998,0.33635
955,0.9960,1.0080,0.25000,0.25100,0.25200
956,0.9717,1.0591,0.25000,0.25728,0.26478
957,0.9147,1.1952,0.25000,0.27331,0.29880
958,0.8960,1.2457,0.25000,0.27903,0.31144
959,0.8524,1.3762,0.25000,0.29328,0.34405
960,0.8453,1.3994,0.25000,0.29574,0.34984
961,0.8700,1.3212,0.25000,0.28735,0.33029
962,0.9045,1.2224,0.25000,0.27640,0.30560
963,0.9325,1.1500,0.25000,0.26810,0.28751
964,0.9639,1.0764,0.25000,0.25937,0.26910
965,0.9980,1.0040,0.25000,0.25049,0.25099
966,0.9944,1.0112,0.25000,0.25140,0.25281
967,0.9697,1.0635,0.25000,0.25781,0.26587
968,0.9386,1.1351,0.25000,0.26636,0.28378
969,0.9164,1.1907,0.25000,0.27280,0.29768
970,0.9045,1.2222,0.25000,0.27638,0.30555
971,0.8931,1.2538,0.25000,0.27994,0.31346
972,0.8964,1.2445,0.25000,0.27889,0.31113
973,0.8927,1.2547,0.25000,0.28004,0.31368
974,0.9205,1.1802,0.25000,0.27160,0.29506
975,0.9404,1.1307,0.25000,0.26584,0.28268
976,0.9737,1.0548,0.25000,0.25676,0.26370
977,0.9847,1.0312,0.25000,0.25387,0.25781
978,0.9248,1.1694,0.25000,0.27034,0.29234
979,0.8849,1.2772,0.25000,0.28253,0.31929
980,0.8834,1.2815,0.25000,0.28301,0.32038
981,0.8976,1.2411,0.25000,0.27851,0.31028
982,0.9194,1.1830,0.25000,0.27192,0.29576
983,0.9343,1.1457,0.25000,0.26759,0.28642
984,0.8207,1.4847,0.25000,0.30462,0.37116
985,0.8255,1.4675,0.25000,0.30285,0.36686
986,0.7846,1.6246,0.25000,0.31865,0.40616
987,0.7837,1.6283,0.25000,0.31901,0.40706
988,0.8534,1.3731,0.25000,0.29294,0.34326
989,0.9580,1.0897,0.25000,0.26097,0.27242
990,0.9929,1.0143,0.25000,0.25178,0.25358
991,0.8878,1.2689,0.25000,0.28161,0.31721
992,0.8608,1.3495,0.25000,0.29042,0.33737
993,0.8336,1.4390,0.25000,0.29990,0.35975
994,0.8390,1.4207,0.25000,0.29798,0.35516
995,0.8629,1.3431,0.25000,0.28973,0.33577
996,0.9524,1.1026,0.25000,0.26251,0.27564
997,0.9608,1.0832,0.25000,0.26020,0.27081
998,0.9264,1.1652,0.25000,0.26986,0.29130
999,0.9063,1.2173,0.25000,0.27583,0.30433
1000,0.8869,1.2712,0.25000,0.28187,0.31780
1001,0.8516,1.3789,0.25000,0.29357,0.34473
1002,0.8593,1.3542,0.25000,0.29092,0.33854
1003,0.9012,1.2313,0.25000,0.27741,0.30782
1004,0.9321,1.1509,0.25000,0.26820,0.28772
1005,0.9571,1.0916,0.25000,0.26119,0.27289
1006,0.9976,1.0048,0.25000,0.25060,0.25121
1007,0.9947,1.0106,0.25000,0.25132,0.25265
1008,0.9726,1.0570,0.25000,0.25703,0.26426
1009,0.9349,1.1442,0.25000,0.26742,0.28605
1010,0.9161,1.1916,0.25000,0.27290,0.29791
1011,0.8956,1.2467,0.25000,0.27914,0.31167
1012,0.9017,1.2298,0.25000,0.27724,0.30745
1013,0.9054,1.2200,0.25000,0.27613,0.30499
1014,0.9380,1.1366,0.25000,0.26652,0.28414
1015,0.9323,1.1504,0.25000,0.26814,0.28761
1016,0.9410,1.1293,0.25000,0.26567,0.28232
1017,0.9590,1.0873,0.25000,0.26068,0.27182
1018,0.9871,1.0262,0.25000,0.25326,0.25655
1019,0.9876,1.0253,0.25000,0.25314,0.25631
1020,0.9243,1.1705,0.25000,0.27047,0.29262
1021,0.9264,1.1652,0.25000,0.26986,0.29131
1022,0.9170,1.1891,0.25000,0.27262,0.29728
1023,0.9222,1.1759,0.25000,0.27109,0.29397
1024,0.9355,1.1426,0.25000,0.26723,0.28565
1025,0.8280,1.4586,0.25000,0.30193,0.36465
1026,0.8309,1.4486,0.25000,0.30089,0.36215
1027,0.7926,1.5916,0.25000,0.31540,0.39791
1028,0.7556,1.7516,0.25000,0.33087,0.43789
1029,0.8209,1.4841,0.25000,0.30456,0.37103
1030,0.9054,1.2198,0.25000,0.27612,0.30496
1031,0.9977,1.0046,0.25000,0.25057,0.25115
1032,0.8971,1.2426,0.25000,0.27868,0.31066
1033,0.8687,1.3252,0.25000,0.28779,0.33130
1034,0.8281,1.4583,0.25000,0.30190,0.36458
1035,0.7919,1.5948,0.25000,0.31571,0.39870
1036,0.8605,1.3507,0.25000,0.29054,0.33766
1037,0.9153,1.1937,0.25000,0.27315,0.29844
1038,0.9052,1.2203,0.25000,0.27617,0.30508
1039,0.8768,1.3007,0.25000,0.28512,0.32519
1040,0.8764,1.3020,0.25000,0.28526,0.32549
1041,0.8688,1.3247,0.25000,0.28774,0.33118
1042,0.8520,1.3775,0.25000,0.29341,0.34436
1043,0.8690,1.3242,0.25000,0.28768,0.33105
1044,0.9048,1.2216,0.25000,0.27631,0.30539
1045,0.9281,1.1611,0.25000,0.26938,0.29026
1046,0.9563,1.0935,0.25000,0.26142,0.27337
1047,0.9965,1.0069,0.25000,0.25087,0.25174
1048,0.9968,1.0065,0.25000,0.25081,0.25163
1049,0.9706,1.0616,0.25000,0.25758,0.26539
1050,0.9254,1.1678,0.25000,0.27016,0.29195
1051,0.9101,1.2073,0.25000,0.27470,0.30183
1052,0.8897,1.2632,0.25000,0.28098,0.31581
1053,0.9112,1.2045,0.25000,0.27437,0.30112
1054,0.9400,1.1317,0.25000,0.26595,0.28291
1055,0.9565,1.0930,0.25000,0.26136,0.27324
1056,0.9427,1.1252,0.25000,0.26518,0.28129
1057,0.9450,1.1198,0.25000,0.26455,0.27994
1058,0.9390,1.1342,0.25000,0.26624,0.28354
1059,0.9353,1.1431,0.25000,0.26728,0.28577
1060,0.9912,1.0178,0.25000,0.25221,0.25444
1061,0.9850,1.0306,0.25000,0.25379,0.25765
1062,0.9797,1.0419,0.25000,0.25519,0.26048
1063,0.9628,1.0788,0.25000,0.25967,0.26971
1064,0.9679,1.0673,0.25000,0.25828,0.26683
1065,0.9520,1.1035,0.25000,0.26262,0.27587
1066,0.8476,1.3920,0.25000,0.29496,0.34800
1067,0.8300,1.4517,0.25000,0.30122,0.36293
1068,0.7962,1.5773,0.25000,0.31397,0.39432
1069,0.7500,1.7779,0.25000,0.33335,0.44448
1070,0.7949,1.5826,0.25000,0.31450,0.39564
1071,0.8592,1.3547,0.25000,0.29097,0.33866
1072,0.9635,1.0772,0.25000,0.25947,0.26929
1073,0.9950,1.0100,0.25000,0.25125,0.25251
1074,0.8871,1.2707,0.25000,0.28182,0.31769
1075,0.8175,1.4965,0.25000,0.30583,0.37412
1076,0.7852,1.6221,0.25000,0.31840,0.40552
1077,0.8678,1.3280,0.25000,0.28810,0.33200
1078,0.9487,1.1111,0.25000,0.26352,0.27776
1079,0.9262,1.1656,0.25000,0.26991,0.29140
1080,0.9047,1.2218,0.25000,0.27634,0.30546
1081,0.8852,1.2762,0.25000,0.28242,0.31905
1082,0.8897,1.2633,0.25000,0.28099,0.31583
1083,0.8859,1.2741,0.25000,0.28219,0.31853
1084,0.8975,1.2414,0.25000,0.27855,0.31036
1085,0.9105,1.2063,0.25000,0.27457,0.30157
1086,0.9229,1.1740,0.25000,0.27088,0.29351
1087,0.9644,1.0752,0.25000,0.25923,0.26879
1088,0.9944,1.0114,0.25000,0.25142,0.25285
1089,0.9975,1.0051,0.25000,0.25064,0.25127
1090,0.9726,1.0572,0.25000,0.25705,0.26430
1091,0.9172,1.1888,0.25000,0.27258,0.29720
1092,0.8909,1.2600,0.25000,0.28063,0.31501
1093,0.8840,1.2796,0.25000,0.28279,0.31989
1094,0.9192,1.1835,0.25000,0.27197,0.29586
1095,0.9634,1.0775,0.25000,0.25951,0.26938
1096,0.9715,1.0596,0.25000,0.25734,0.26491
1097,0.9582,1.0891,0.25000,0.26090,0.27227
1098,0.9485,1.1115,0.25000,0.26357,0.27789
1099,0.9394,1.1332,0.25000,0.26613,0.28330
1100,0.9272,1.1632,0.25000,0.26963,0.29080
1101,0.9747,1.0526,0.25000,0.25649,0.26315
1102,0.9984,1.0032,0.25000,0.25040,0.25080
1103,0.9941,1.0120,0.25000,0.25149,0.25299
1104,0.9946,1.0109,0.25000,0.25136,0.25274
1105,0.9812,1.0386,0.25000,0.25478,0.25965
1106,0.9669,1.0697,0.25000,0.25857,0.26743
1107,0.8638,1.3401,0.25000,0.28941,0.33503
1108,0.8550,1.3678,0.25000,0.29238,0.34195
1109,0.8384,1.4228,0.25000,0.29820,0.35570
1110,0.7644,1.7116,0.25000,0.32707,0.42789
1111,0.7860,1.6188,0.25000,0.31808,0.40470
1112,0.8210,1.4837,0.25000,0.30452,0.37093
1113,0.8777,1.2980,0.25000,0.28482,0.32449
1114,0.9995,1.0009,0.25000,0.25012,0.25023
1115,0.9070,1.2155,0.25000,0.27562,0.30388
1116,0.8424,1.4091,0.25000,0.29676,0.35227
1117,0.8138,1.5101,0.25000,0.30721,0.37752
1118,0.8258,1.4662,0.25000,0.30272,0.36655
1119,0.9729,1.0565,0.25000,0.25696,0.26412
1120,0.9685,1.0661,0.25000,0.25813,0.26653
1121,0.9314,1.1527,0.25000,0.26841,0.28817
1122,0.9044,1.2225,0.25000,0.27642,0.30563
1123,0.9038,1.2242,0.25000,0.27661,0.30606
1124,0.9234,1.1728,0.25000,0.27074,0.29321
1125,0.9244,1.1704,0.25000,0.27046,0.29259
1126,0.9201,1.1812,0.25000,0.27171,0.29530
1127,0.9217,1.1771,0.25000,0.27123,0.29427
1128,0.9727,1.0569,0.25000,0.25702,0.26424
1129,0.9965,1.0070,0.25000,0.25087,0.25174
1130,0.9989,1.0022,0.25000,0.25027,0.25054
1131,0.9755,1.0509,0.25000,0.25628,0.26272
1132,0.9226,1.1749,0.25000,0.27098,0.29372
1133,0.8801,1.2911,0.25000,0.28406,0.32276
1134,0.8755,1.3047,0.25000,0.28556,0.32618
1135,0.9159,1.1920,0.25000,0.27294,0.29799
1136,0.9666,1.0702,0.25000,0.25863,0.26755
1137,0.9714,1.0596,0.25000,0.25735,0.26491
1138,0.9637,1.0767,0.25000,0.25941,0.26918
1139,0.9393,1.1333,0.25000,0.26614,0.28333
1140,0.9273,1.1628,0.25000,0.26959,0.29071
1141,0.9272,1.1632,0.25000,0.26963,0.29080
1142,0.9732,1.0557,0.25000,0.25687,0.26394
1143,0.9984,1.0032,0.25000,0.25040,0.25079
1144,0.9943,1.0114,0.25000,0.25142,0.25286
1145,0.9801,1.0410,0.25000,0.25508,0.26026
1146,0.9713,1.0600,0.25000,0.25739,0.26500
1147,0.9601,1.0848,0.25000,0.26039,0.27120
1148,0.8776,1.2983,0.25000,0.28486,0.32458
1149,0.8758,1.3036,0.25000,0.28544,0.32591
1150,0.8523,1.3765,0.25000,0.29331,0.34412
1151,0.7967,1.5756,0.25000,0.31381,0.39390
1152,0.7674,1.6983,0.25000,0.32579,0.42457
1153,0.7956,1.5799,0.25000,0.31423,0.39496
1154,0.8712,1.3175,0.25000,0.28696,0.32938
1155,0.9577,1.0904,0.25000,0.26105,0.27259
1156,0.9707,1.0612,0.25000,0.25754,0.26531
1157,0.8745,1.3076,0.25000,0.28587,0.32690
1158,0.8303,1.4505,0.25000,0.30109,0.36262
1159,0.8477,1.3917,0.25000,0.29493,0.34793
1160,0.9399,1.1320,0.25000,0.26599,0.28300
1161,0.9404,1.1308,0.25000,0.26584,0.28269
1162,0.9290,1.1588,0.25000,0.26912,0.28970
1163,0.9124,1.2011,0.25000,0.27399,0.30029
1164,0.9091,1.2100,0.25000,0.27500,0.30249
1165,0.9309,1.1540,0.25000,0.26856,0.28849
1166,0.9392,1.1337,0.25000,0.26619,0.28342
1167,0.9205,1.1802,0.25000,0.27159,0.29504
1168,0.9414,1.1284,0.25000,0.26557,0.28210
1169,0.9851,1.0305,0.25000,0.25378,0.25763
1170,1.0000,1.0001,0.25000,0.25001,0.25002
1171,0.9959,1.0082,0.25000,0.25102,0.25205
1172,0.9818,1.0373,0.25000,0.25462,0.25933
1173,0.9322,1.1506,0.25000,0.26817,0.28766
1174,0.8786,1.2954,0.25000,0.28454,0.32385
1175,0.8782,1.2966,0.25000,0.28467,0.32415
1176,0.9203,1.1807,0.25000,0.27165,0.29518
1177,0.9621,1.0804,0.25000,0.25985,0.27009
1178,0.9689,1.0653,0.25000,0.25804,0.26633
1179,0.9603,1.0843,0.25000,0.26032,0.27107
1180,0.9362,1.1410,0.25000,0.26704,0.28524
1181,0.9278,1.1617,0.25000,0.26946,0.29043
1182,0.9274,1.1627,0.25000,0.26958,0.29069
1183,0.9560,1.0942,0.25000,0.26151,0.27355
1184,0.9973,1.0055,0.25000,0.25069,0.25138
1185,0.9848,1.0312,0.25000,0.25387,0.25779
1186,0.9742,1.0538,0.25000,0.25663,0.26344
1187,0.9607,1.0836,0.25000,0.26024,0.27089
1188,0.9596,1.0859,0.25000,0.26051,0.27147
1189,0.9126,1.2008,0.25000,0.27395,0.30020
1190,0.8926,1.2550,0.25000,0.28007,0.31375
1191,0.8547,1.3689,0.25000,0.29249,0.34221
1192,0.8265,1.4638,0.25000,0.30247,0.36596
1193,0.7688,1.6917,0.25000,0.32516,0.42292
1194,0.7923,1.5932,0.25000,0.31555,0.39829
1195,0.8710,1.3181,0.25000,0.28702,0.32951
1196,0.9575,1.0908,0.25000,0.26110,0.27270
1197,0.9691,1.0648,0.25000,0.25798,0.26621
1198,0.9092,1.2097,0.25000,0.27497,0.30243
1199,0.8557,1.3656,0.25000,0.29215,0.34141
1200,0.8565,1.3631,0.25000,0.29188,0.34077
1201,0.8980,1.2402,0.25000,0.27841,0.31005
1202,0.8890,1.2654,0.25000,0.28123,0.31636
1203,0.9066,1.2167,0.25000,0.27576,0.30417
1204,0.8915,1.2583,0.25000,0.28044,0.31458
1205,0.8994,1.2362,0.25000,0.27796,0.30904
1206,0.9368,1.1394,0.25000,0.26685,0.28484
1207,0.9417,1.1277,0.25000,0.26548,0.28193
1208,0.9262,1.1656,0.25000,0.26991,0.29141
1209,0.9614,1.0820,0.25000,0.26005,0.27050
1210,0.9953,1.0094,0.25000,0.25117,0.25235
1211,0.9994,1.0012,0.25000,0.25015,0.25031
1212,0.9958,1.0086,0.25000,0.25107,0.25214
1213,0.9780,1.0455,0.25000,0.25562,0.26137
1214,0.9414,1.1285,0.25000,0.26557,0.28211
1215,0.8837,1.2805,0.25000,0.28289,0.32012
1216,0.8975,1.2414,0.25000,0.27854,0.31034
1217,0.9271,1.1634,0.25000,0.26965,0.29085
1218,0.9534,1.1002,0.25000,0.26223,0.27506
1219,0.9673,1.0688,0.25000,0.25846,0.26720
1220,0.9548,1.0969,0.25000,0.26184,0.27423
1221,0.9289,1.1588,0.25000,0.26912,0.28971
1222,0.9277,1.1620,0.25000,0.26949,0.29049
1223,0.9269,1.1641,0.25000,0.26973,0.29101
1224,0.9544,1.0978,0.25000,0.26194,0.27446
1225,0.9806,1.0399,0.25000,0.25493,0.25996
1226,0.9831,1.0346,0.25000,0.25429,0.25866
1227,0.9626,1.0791,0.25000,0.25970,0.26978
1228,0.9596,1.0859,0.25000,0.26051,0.27147
1229,0.9685,1.0662,0.25000,0.25814,0.26654
1230,0.9312,1.1532,0.25000,0.26846,0.28829
1231,0.9142,1.1964,0.25000,0.27345,0.29911
1232,0.8623,1.3449,0.25000,0.28992,0.33622
1233,0.8256,1.4673,0.25000,0.30282,0.36681
1234,0.7718,1.6789,0.25000,0.32393,0.41972
1235,0.7906,1.5997,0.25000,0.31620,0.39992
1236,0.8586,1.3565,0.25000,0.29117,0.33911
1237,0.9220,1.1762,0.25000,0.27114,0.29406
1238,0.9947,1.0107,0.25000,0.25133,0.25267
1239,0.9411,1.1290,0.25000,0.26563,0.28224
1240,0.8750,1.3061,0.25000,0.28571,0.32653
1241,0.8699,1.3214,0.25000,0.28739,0.33036
1242,0.9043,1.2227,0.25000,0.27644,0.30569
1243,0.8846,1.2780,0.25000,0.28263,0.31951
1244,0.8979,1.2404,0.25000,0.27843,0.31010
1245,0.8901,1.2623,0.25000,0.28088,0.31557
1246,0.8875,1.2696,0.25000,0.28169,0.31739
1247,0.9442,1.1217,0.25000,0.26478,0.28043
1248,0.9568,1.0924,0.25000,0.26129,0.27309
1249,0.9410,1.1294,0.25000,0.26568,0.28234
1250,0.9760,1.0497,0.25000,0.25614,0.26242
1251,0.9993,1.0013,0.25000,0.25016,0.25033
1252,0.9964,1.0072,0.25000,0.25090,0.25180
1253,0.9930,1.0142,0.25000,0.25176,0.25354
1254,0.9728,1.0568,0.25000,0.25700,0.26420
1255,0.9387,1.1349,0.25000,0.26633,0.28373
1256,0.9148,1.1950,0.25000,0.27329,0.29875
1257,0.9230,1.1739,0.25000,0.27086,0.29346
1258,0.9352,1.1433,0.25000,0.26732,0.28583
1259,0.9470,1.1150,0.25000,0.26398,0.27875
1260,0.9574,1.0909,0.25000,0.26111,0.27272
1261,0.9368,1.1395,0.25000,0.26686,0.28487
1262,0.9245,1.1699,0.25000,0.27040,0.29247
1263,0.9271,1.1634,0.25000,0.26965,0.29084
1264,0.9255,1.1674,0.25000,0.27012,0.29186
1265,0.9417,1.1276,0.25000,0.26548,0.28191
1266,0.9777,1.0461,0.25000,0.25570,0.26153
1267,0.9846,1.0316,0.25000,0.25391,0.25789
1268,0.9790,1.0434,0.25000,0.25537,0.26085
1269,0.9777,1.0461,0.25000,0.25569,0.26151
1270,0.9754,1.0512,0.25000,0.25632,0.26279
1271,0.9526,1.1019,0.25000,0.26243,0.27548
1272,0.9547,1.0971,0.25000,0.26186,0.27427
1273,0.8709,1.3185,0.25000,0.28707,0.32964
1274,0.8235,1.4747,0.25000,0.30359,0.36867
1275,0.7933,1.5889,0.25000,0.31513,0.39723
1276,0.8050,1.5433,0.25000,0.31057,0.38581
1277,0.8648,1.3371,0.25000,0.28908,0.33428
1278,0.9057,1.2191,0.25000,0.27604,0.30478
1279,0.9833,1.0344,0.25000,0.25426,0.25859
1280,0.9873,1.0259,0.25000,0.25322,0.25648
1281,0.9115,1.2037,0.25000,0.27428,0.30093
1282,0.9532,1.1005,0.25000,0.26226,0.27513
1283,0.9340,1.1463,0.25000,0.26766,0.28657
1284,0.8998,1.2352,0.25000,0.27785,0.30880
1285,0.9018,1.2295,0.25000,0.27721,0.30739
1286,0.9061,1.2180,0.25000,0.27590,0.30449
1287,0.9123,1.2014,0.25000,0.27402,0.30036
1288,0.9494,1.1093,0.25000,0.26331,0.27733
1289,0.9740,1.0540,0.25000,0.25667,0.26351
1290,0.9891,1.0223,0.25000,0.25277,0.25556
1291,0.9966,1.0068,0.25000,0.25085,0.25169
1292,0.9920,1.0163,0.25000,0.25202,0.25406
1293,0.9829,1.0352,0.25000,0.25436,0.25879
1294,0.9801,1.0411,0.25000,0.25509,0.26028
1295,0.9652,1.0733,0.25000,0.25900,0.26833
1296,0.9379,1.1368,0.25000,0.26655,0.28419
1297,0.9207,1.1796,0.25000,0.27152,0.29490
1298,0.9325,1.1500,0.25000,0.26810,0.28751
1299,0.9448,1.1203,0.25000,0.26461,0.28008
1300,0.9470,1.1152,0.25000,0.26400,0.27879
1301,0.9276,1.1623,0.25000,0.26952,0.29058
1302,0.9217,1.1770,0.25000,0.27123,0.29426
1303,0.9154,1.1935,0.25000,0.27311,0.29837
1304,0.9165,1.1904,0.25000,0.27277,0.29761
1305,0.9146,1.1955,0.25000,0.27335,0.29888
1306,0.9486,1.1112,0.25000,0.26354,0.27781
1307,0.9816,1.0378,0.25000,0.25468,0.25945
1308,0.9858,1.0290,0.25000,0.25360,0.25725
1309,0.9856,1.0295,0.25000,0.25366,0.25737
1310,0.9828,1.0352,0.25000,0.25436,0.25880
1311,0.9933,1.0136,0.25000,0.25170,0.25341
1312,0.9620,1.0805,0.25000,0.25987,0.27013
1313,0.9589,1.0875,0.25000,0.26070,0.27187
1314,0.8793,1.2933,0.25000,0.28431,0.32333
1315,0.8259,1.4660,0.25000,0.30270,0.36651
1316,0.8110,1.5204,0.25000,0.30826,0.38011
1317,0.8152,1.5047,0.25000,0.30667,0.37618
1318,0.8421,1.4103,0.25000,0.29689,0.35258
1319,0.9032,1.2260,0.25000,0.27681,0.30649
1320,0.9590,1.0873,0.25000,0.26069,0.27183
1321,0.9992,1.0015,0.25000,0.25019,0.25039
1322,0.9761,1.0496,0.25000,0.25613,0.26241
1323,0.9685,1.0662,0.25000,0.25814,0.26655
1324,0.9451,1.1195,0.25000,0.26451,0.27987
1325,0.9238,1.1717,0.25000,0.27061,0.29291
1326,0.9279,1.1615,0.25000,0.26943,0.29036
1327,0.9452,1.1194,0.25000,0.26450,0.27985
1328,0.9534,1.1000,0.25000,0.26221,0.27501
1329,0.9675,1.0683,0.25000,0.25840,0.26709
1330,0.9983,1.0035,0.25000,0.25043,0.25087
1331,0.9917,1.0167,0.25000,0.25208,0.25418
1332,0.9894,1.0216,0.25000,0.25268,0.25540
1333,0.9746,1.0528,0.25000,0.25652,0.26321
1334,0.9637,1.0769,0.25000,0.25943,0.26922
1335,0.9555,1.0953,0.25000,0.26164,0.27382
1336,0.9569,1.0921,0.25000,0.26126,0.27302
1337,0.9574,1.0910,0.25000,0.26113,0.27275
1338,0.9487,1.1110,0.25000,0.26351,0.27775
1339,0.9513,1.1049,0.25000,0.26278,0.27622
1340,0.9511,1.1055,0.25000,0.26285,0.27637
1341,0.9463,1.1168,0.25000,0.26420,0.27921
1342,0.9066,1.2167,0.25000,0.27576,0.30418
1343,0.8918,1.2574,0.25000,0.28033,0.31434
1344,0.9020,1.2290,0.25000,0.27715,0.30724
1345,0.9124,1.2012,0.25000,0.27399,0.30029
1346,0.9450,1.1197,0.25000,0.26454,0.27992
1347,0.9876,1.0252,0.25000,0.25314,0.25631
1348,0.9924,1.0153,0.25000,0.25191,0.25383
1349,0.9866,1.0273,0.25000,0.25339,0.25683
1350,0.9826,1.0357,0.25000,0.25443,0.25893
1351,0.9818,1.0375,0.25000,0.25464,0.25937
1352,0.9874,1.0258,0.25000,0.25320,0.25645
1353,0.9548,1.0970,0.25000,0.26184,0.27425
1354,0.9550,1.0964,0.25000,0.26177,0.27410
1355,0.8956,1.2466,0.25000,0.27913,0.31166
1356,0.8444,1.4025,0.25000,0.29606,0.35062
1357,0.8219,1.4805,0.25000,0.30419,0.37012
1358,0.8130,1.5131,0.25000,0.30752,0.37827
1359,0.8429,1.4074,0.25000,0.29659,0.35186
1360,0.8767,1.3011,0.25000,0.28517,0.32528
1361,0.9642,1.0756,0.25000,0.25928,0.26891
1362,0.9999,1.0001,0.25000,0.25002,0.25004
1363,0.9801,1.0409,0.25000,0.25507,0.26023
1364,0.9583,1.0889,0.25000,0.26087,0.27222
1365,0.9447,1.1204,0.25000,0.26463,0.28011
1366,0.9502,1.1075,0.25000,0.26310,0.27688
1367,0.9607,1.0835,0.25000,0.26023,0.27088
1368,0.9599,1.0854,0.25000,0.26045,0.27134
1369,0.9809,1.0393,0.25000,0.25487,0.25983
1370,0.9961,1.0078,0.25000,0.25098,0.25196
1371,0.9814,1.0382,0.25000,0.25473,0.25956
1372,0.9820,1.0370,0.25000,0.25459,0.25926
1373,0.9744,1.0533,0.25000,0.25658,0.26333
1374,0.9659,1.0718,0.25000,0.25882,0.26795
1375,0.9379,1.1368,0.25000,0.26655,0.28419
1376,0.9321,1.1511,0.25000,0.26822,0.28776
1377,0.9403,1.1310,0.25000,0.26587,0.28276
1378,0.9393,1.1333,0.25000,0.26615,0.28334
1379,0.9328,1.1492,0.25000,0.26800,0.28730
1380,0.9460,1.1174,0.25000,0.26427,0.27936
1381,0.9500,1.1079,0.25000,0.26315,0.27699
1382,0.9402,1.1312,0.25000,0.26590,0.28281
1383,0.9020,1.2292,0.25000,0.27717,0.30730
1384,0.8844,1.2785,0.25000,0.28267,0.31962
1385,0.8988,1.2378,0.25000,0.27815,0.30946
1386,0.9211,1.1785,0.25000,0.27140,0.29464
1387,0.9661,1.0714,0.25000,0.25877,0.26784
1388,0.9903,1.0197,0.25000,0.25245,0.25493
1389,0.9929,1.0143,0.25000,0.25177,0.25356
1390,0.9884,1.0236,0.25000,0.25293,0.25589
1391,0.9844,1.0319,0.25000,0.25395,0.25797
1392,0.9818,1.0375,0.25000,0.25464,0.25937
1393,0.9818,1.0375,0.25000,0.25464,0.25937
1394,0.9397,1.1324,0.25000,0.26604,0.28311
1395,0.9368,1.1395,0.25000,0.26686,0.28487
1396,0.9217,1.1771,0.25000,0.27124,0.29427
1397,0.8824,1.2842,0.25000,0.28330,0.32104
1398,0.8397,1.4184,0.25000,0.29774,0.35460
1399,0.8141,1.5090,0.25000,0.30710,0.37725
1400,0.8252,1.4684,0.25000,0.30294,0.36710
1401,0.8548,1.3685,0.25000,0.29246,0.34214
1402,0.9221,1.1761,0.25000,0.27112,0.29403
1403,0.9790,1.0433,0.25000,0.25536,0.26084
1404,0.9972,1.0057,0.25000,0.25071,0.25142
1405,0.9980,1.0040,0.25000,0.25050,0.25100
1406,0.9915,1.0172,0.25000,0.25214,0.25430
1407,0.9954,1.0093,0.25000,0.25116,0.25233
1408,0.9971,1.0058,0.25000,0.25072,0.25144
1409,0.9956,1.0090,0.25000,0.25112,0.25224
1410,0.9823,1.0363,0.25000,0.25449,0.25906
1411,0.9751,1.0518,0.25000,0.25639,0.26295
1412,0.9689,1.0652,0.25000,0.25802,0.26630
1413,0.9668,1.0699,0.25000,0.25859,0.26748
1414,0.9626,1.0792,0.25000,0.25972,0.26981
1415,0.9439,1.1223,0.25000,0.26485,0.28058
1416,0.9172,1.1888,0.25000,0.27258,0.29720
1417,0.9113,1.2041,0.25000,0.27433,0.30102
1418,0.8818,1.2862,0.25000,0.28352,0.32155
1419,0.8629,1.3429,0.25000,0.28971,0.33572
1420,0.8589,1.3555,0.25000,0.29107,0.33888
1421,0.8763,1.3023,0.25000,0.28530,0.32558
1422,0.9082,1.2124,0.25000,0.27527,0.30310
1423,0.9148,1.1949,0.25000,0.27327,0.29871
1424,0.8864,1.2728,0.25000,0.28205,0.31820
1425,0.8824,1.2843,0.25000,0.28332,0.32107
1426,0.8876,1.2694,0.25000,0.28167,0.31735
1427,0.9421,1.1267,0.25000,0.26537,0.28168
1428,0.9785,1.0445,0.25000,0.25550,0.26113
1429,0.9936,1.0129,0.25000,0.25160,0.25322
1430,0.9932,1.0137,0.25000,0.25170,0.25341
1431,0.9926,1.0150,0.25000,0.25187,0.25375
1432,0.9870,1.0266,0.25000,0.25330,0.25665
1433,0.9821,1.0367,0.25000,0.25455,0.25918
1434,0.9833,1.0342,0.25000,0.25424,0.25855
1435,0.9460,1.1175,0.25000,0.26428,0.27938
1436,0.9438,1.1226,0.25000,0.26488,0.28065
1437,0.9217,1.1771,0.25000,0.27123,0.29426
1438,0.8863,1.2730,0.25000,0.28207,0.31824
1439,0.8512,1.3803,0.25000,0.29371,0.34507
1440,0.8443,1.4028,0.25000,0.29610,0.35069
1441,0.8380,1.4239,0.25000,0.29832,0.35598
1442,0.8361,1.4306,0.25000,0.29902,0.35765
1443,0.8828,1.2831,0.25000,0.28318,0.32078
1444,0.8998,1.2351,0.25000,0.27783,0.30877
1445,0.9000,1.2345,0.25000,0.27777,0.30862
1446,0.9329,1.1489,0.25000,0.26797,0.28723
1447,0.9598,1.0854,0.25000,0.26046,0.27136
1448,0.9566,1.0929,0.25000,0.26135,0.27322
1449,0.9570,1.0918,0.25000,0.26122,0.27295
1450,0.9453,1.1190,0.25000,0.26446,0.27976
1451,0.9455,1.1185,0.25000,0.26440,0.27963
1452,0.9534,1.1001,0.25000,0.26222,0.27503
1453,0.9538,1.0991,0.25000,0.26210,0.27479
1454,0.9518,1.1037,0.25000,0.26265,0.27594
1455,0.9493,1.1096,0.25000,0.26334,0.27740
1456,0.9231,1.1734,0.25000,0.27081,0.29336
1457,0.8924,1.2557,0.25000,0.28015,0.31393
1458,0.9063,1.2176,0.25000,0.27586,0.30440
1459,0.8991,1.2371,0.25000,0.27806,0.30927
1460,0.8564,1.3634,0.25000,0.29191,0.34085
1461,0.8449,1.4010,0.25000,0.29591,0.35025
1462,0.8635,1.3411,0.25000,0.28951,0.33527
1463,0.8775,1.2986,0.25000,0.28488,0.32464
1464,0.8869,1.2712,0.25000,0.28187,0.31779
1465,0.8622,1.3452,0.25000,0.28996,0.33630
1466,0.8612,1.3484,0.25000,0.29030,0.33709
1467,0.8918,1.2572,0.25000,0.28032,0.31431
1468,0.9479,1.1131,0.25000,0.26375,0.27826
1469,0.9834,1.0340,0.25000,0.25421,0.25849
1470,0.9912,1.0177,0.25000,0.25221,0.25444
1471,0.9936,1.0129,0.25000,0.25161,0.25323
1472,0.9933,1.0135,0.25000,0.25168,0.25337
1473,0.9935,1.0131,0.25000,0.25163,0.25328
1474,0.9904,1.0194,0.25000,0.25241,0.25484
1475,0.9877,1.0250,0.25000,0.25311,0.25626
1476,0.9695,1.0640,0.25000,0.25787,0.26600
1477,0.9542,1.0984,0.25000,0.26201,0.27459
1478,0.9277,1.1620,0.25000,0.26949,0.29051
1479,0.8847,1.2777,0.25000,0.28259,0.31942
1480,0.8669,1.3306,0.25000,0.28838,0.33266
1481,0.8767,1.3010,0.25000,0.28515,0.32524
1482,0.8225,1.4782,0.25000,0.30395,0.36954
1483,0.7947,1.5832,0.25000,0.31457,0.39581
1484,0.8419,1.4107,0.25000,0.29694,0.35268
1485,0.8578,1.3592,0.25000,0.29146,0.33979
1486,0.8552,1.3673,0.25000,0.29232,0.34181
1487,0.8621,1.3455,0.25000,0.28999,0.33638
1488,0.8836,1.2808,0.25000,0.28293,0.32020
1489,0.9117,1.2031,0.25000,0.27422,0.30078
1490,0.9165,1.1906,0.25000,0.27279,0.29765
1491,0.9208,1.1794,0.25000,0.27151,0.29486
1492,0.9366,1.1399,0.25000,0.26691,0.28497
1493,0.9410,1.1294,0.25000,0.26569,0.28236
1494,0.9283,1.1605,0.25000,0.26932,0.29013
1495,0.9276,1.1622,0.25000,0.26951,0.29055
1496,0.9319,1.1514,0.25000,0.26826,0.28785
1497,0.9244,1.1703,0.25000,0.27045,0.29257
1498,0.9023,1.2283,0.25000,0.27707,0.30708
1499,0.9252,1.1682,0.25000,0.27021,0.29205
1500,0.9170,1.1893,0.25000,0.27264,0.29732
1501,0.9078,1.2134,0.25000,0.27539,0.30335
1502,0.9060,1.2184,0.25000,0.27595,0.30460
1503,0.9066,1.2167,0.25000,0.27576,0.30418
1504,0.9122,1.2017,0.25000,0.27405,0.30042
1505,0.8991,1.2371,0.25000,0.27806,0.30926
1506,0.8636,1.3408,0.25000,0.28948,0.33520
1507,0.8852,1.2763,0.25000,0.28243,0.31907
1508,0.9162,1.1913,0.25000,0.27287,0.29783
1509,0.9554,1.0957,0.25000,0.26168,0.27391
1510,0.9739,1.0544,0.25000,0.25671,0.26359
1511,0.9756,1.0507,0.25000,0.25626,0.26268
1512,0.9797,1.0419,0.25000,0.25519,0.26049
1513,0.9889,1.0227,0.25000,0.25281,0.25566
1514,0.9934,1.0133,0.25000,0.25165,0.25332
1515,0.9981,1.0038,0.25000,0.25048,0.25096
1516,0.9936,1.0130,0.25000,0.25162,0.25325
1517,0.9867,1.0272,0.25000,0.25338,0.25680
1518,0.9881,1.0242,0.25000,0.25300,0.25604
1519,0.9692,1.0646,0.25000,0.25794,0.26614
1520,0.9205,1.1801,0.25000,0.27159,0.29503
1521,0.8817,1.2865,0.25000,0.28356,0.32162
1522,0.8439,1.4043,0.25000,0.29626,0.35108
1523,0.7872,1.6139,0.25000,0.31759,0.40346
1524,0.7555,1.7521,0.25000,0.33091,0.43802
1525,0.7814,1.6378,0.25000,0.31994,0.40945
1526,0.8154,1.5040,0.25000,0.30659,0.37600
1527,0.8354,1.4328,0.25000,0.29925,0.35821
1528,0.8746,1.3072,0.25000,0.28583,0.32681
1529,0.8819,1.2858,0.25000,0.28348,0.32144
1530,0.8545,1.3694,0.25000,0.29256,0.34236
1531,0.8625,1.3443,0.25000,0.28986,0.33608
1532,0.8891,1.2651,0.25000,0.28119,0.31628
1533,0.8988,1.2378,0.25000,0.27814,0.30944
1534,0.8954,1.2472,0.25000,0.27919,0.31180
1535,0.8940,1.2511,0.25000,0.27963,0.31277
1536,0.8923,1.2560,0.25000,0.28017,0.31399
1537,0.8994,1.2362,0.25000,0.27796,0.30906
1538,0.9175,1.1878,0.25000,0.27247,0.29696
1539,0.9268,1.1641,0.25000,0.26974,0.29103
1540,0.9390,1.1342,0.25000,0.26625,0.28355
1541,0.9436,1.1231,0.25000,0.26494,0.28078
1542,0.9446,1.1208,0.25000,0.26466,0.28019
1543,0.9493,1.1097,0.25000,0.26336,0.27743
1544,0.9505,1.1070,0.25000,0.26303,0.27674
1545,0.9407,1.1300,0.25000,0.26575,0.28250
1546,0.9049,1.2211,0.25000,0.27626,0.30528
1547,0.8865,1.2724,0.25000,0.28200,0.31810
1548,0.9117,1.2031,0.25000,0.27421,0.30078
1549,0.9456,1.1185,0.25000,0.26440,0.27962
1550,0.9633,1.0777,0.25000,0.25953,0.26943
1551,0.9720,1.0584,0.25000,0.25719,0.26459
1552,0.9740,1.0542,0.25000,0.25668,0.26354
1553,0.9755,1.0508,0.25000,0.25627,0.26269
1554,0.9774,1.0467,0.25000,0.25577,0.26167
1555,0.9881,1.0242,0.25000,0.25301,0.25606
1556,0.9982,1.0035,0.25000,0.25044,0.25088
1557,0.9994,1.0013,0.25000,0.25016,0.25031
1558,0.9874,1.0257,0.25000,0.25319,0.25642
1559,0.9896,1.0211,0.25000,0.25263,0.25528
1560,0.9784,1.0447,0.25000,0.25553,0.26118
1561,0.9375,1.1379,0.25000,0.26668,0.28446
1562,0.9050,1.2211,0.25000,0.27626,0.30527
1563,0.8460,1.3970,0.25000,0.29549,0.34926
1564,0.8132,1.5123,0.25000,0.30744,0.37807
1565,0.7447,1.8030,0.25000,0.33569,0.45076
1566,0.7354,1.8493,0.25000,0.33997,0.46232
1567,0.7510,1.7732,0.25000,0.33290,0.44329
1568,0.7826,1.6326,0.25000,0.31943,0.40815
1569,0.7802,1.6428,0.25000,0.32042,0.41069
1570,0.7747,1.6662,0.25000,0.32271,0.41656
1571,0.7170,1.9454,0.25000,0.34869,0.48635
1572,0.7117,1.9743,0.25000,0.35127,0.49356
1573,0.7534,1.7619,0.25000,0.33184,0.44046
1574,0.8392,1.4200,0.25000,0.29791,0.35500
1575,0.8613,1.3480,0.25000,0.29026,0.33700
1576,0.8687,1.3251,0.25000,0.28778,0.33127
1577,0.8729,1.3126,0.25000,0.28642,0.32814
1578,0.8877,1.2690,0.25000,0.28162,0.31725
1579,0.9026,1.2274,0.25000,0.27697,0.30684
1580,0.9136,1.1981,0.25000,0.27364,0.29953
1581,0.9309,1.1541,0.25000,0.26857,0.28852
1582,0.9403,1.1309,0.25000,0.26586,0.28273
1583,0.9428,1.1249,0.25000,0.26516,0.28123
1584,0.9483,1.1120,0.25000,0.26363,0.27801
1585,0.9485,1.1116,0.25000,0.26358,0.27790
1586,0.9458,1.1178,0.25000,0.26431,0.27945
1587,0.9319,1.1516,0.25000,0.26828,0.28789
1588,0.9234,1.1729,0.25000,0.27075,0.29322
1589,0.9348,1.1445,0.25000,0.26745,0.28611
1590,0.9589,1.0875,0.25000,0.26071,0.27187
1591,0.9606,1.0838,0.25000,0.26026,0.27095
1592,0.9707,1.0612,0.25000,0.25754,0.26530
1593,0.9744,1.0533,0.25000,0.25657,0.26331
1594,0.9775,1.0466,0.25000,0.25575,0.26164
1595,0.9878,1.0248,0.25000,0.25308,0.25621
1596,0.9946,1.0110,0.25000,0.25137,0.25274
1597,0.9978,1.0043,0.25000,0.25054,0.25108
1598,0.9993,1.0014,0.25000,0.25018,0.25035
1599,0.9876,1.0252,0.25000,0.25313,0.25631
1600,0.9856,1.0294,0.25000,0.25365,0.25735
1601,0.9843,1.0321,0.25000,0.25397,0.25801
1602,0.9828,1.0354,0.25000,0.25439,0.25885
1603,0.9661,1.0714,0.25000,0.25878,0.26786
1604,0.9462,1.1169,0.25000,0.26421,0.27922
1605,0.8834,1.2814,0.25000,0.28300,0.32035
1606,0.8056,1.5407,0.25000,0.31032,0.38519
1607,0.7579,1.7409,0.25000,0.32986,0.43524
1608,0.7428,1.8125,0.25000,0.33657,0.45312
1609,0.7429,1.8118,0.25000,0.33650,0.45294
1610,0.7333,1.8597,0.25000,0.34093,0.46492
1611,0.6825,2.1467,0.25000,0.36629,0.53668
1612,0.6259,2.5523,0.25000,0.39940,0.63808
1613,0.6608,2.2902,0.25000,0.37833,0.57255
1614,0.7120,1.9725,0.25000,0.35112,0.49313
1615,0.8073,1.5344,0.25000,0.30968,0.38361
1616,0.8363,1.4299,0.25000,0.29895,0.35748
1617,0.8322,1.4441,0.25000,0.30042,0.36102
1618,0.8492,1.3867,0.25000,0.29439,0.34667
1619,0.8783,1.2962,0.25000,0.28463,0.32406
1620,0.8920,1.2569,0.25000,0.28027,0.31421
1621,0.8928,1.2546,0.25000,0.28002,0.31365
1622,0.8966,1.2441,0.25000,0.27884,0.31102
1623,0.9039,1.2239,0.25000,0.27657,0.30597
1624,0.9052,1.2205,0.25000,0.27620,0.30514
1625,0.9052,1.2206,0.25000,0.27620,0.30514
1626,0.9105,1.2064,0.25000,0.27459,0.30159
1627,0.9081,1.2125,0.25000,0.27528,0.30313
1628,0.9296,1.1571,0.25000,0.26892,0.28927
1629,0.9595,1.0863,0.25000,0.26056,0.27156
1630,0.9615,1.0816,0.25000,0.26000,0.27040
1631,0.9632,1.0779,0.25000,0.25956,0.26948
1632,0.9613,1.0821,0.25000,0.26006,0.27052
1633,0.9713,1.0601,0.25000,0.25740,0.26502
1634,0.9844,1.0319,0.25000,0.25396,0.25798
1635,0.9924,1.0155,0.25000,0.25192,0.25386
1636,0.9936,1.0129,0.25000,0.25161,0.25322
1637,0.9932,1.0137,0.25000,0.25171,0.25343
1638,0.9961,1.0078,0.25000,0.25098,0.25196
1639,0.9983,1.0034,0.25000,0.25042,0.25084
1640,0.9868,1.0270,0.25000,0.25335,0.25675
1641,0.9866,1.0274,0.25000,0.25340,0.25686
1642,0.9845,1.0317,0.25000,0.25394,0.25794
1643,0.9830,1.0348,0.25000,0.25431,0.25870
1644,0.9728,1.0567,0.25000,0.25699,0.26419
1645,0.9654,1.0730,0.25000,0.25897,0.26826
1646,0.9430,1.1245,0.25000,0.26511,0.28112
1647,0.8785,1.2957,0.25000,0.28457,0.32391
1648,0.8312,1.4475,0.25000,0.30078,0.36186
1649,0.8253,1.4683,0.25000,0.30294,0.36708
1650,0.7659,1.7047,0.25000,0.32641,0.42618
1651,0.7080,1.9950,0.25000,0.35311,0.49875
1652,0.6788,2.1701,0.25000,0.36828,0.54253
1653,0.6651,2.2605,0.25000,0.37588,0.56513
1654,0.7043,2.0163,0.25000,0.35499,0.50406
1655,0.7494,1.7805,0.25000,0.33359,0.44512
1656,0.7986,1.5678,0.25000,0.31303,0.39195
1657,0.8123,1.5156,0.25000,0.30777,0.37889
1658,0.8392,1.4200,0.25000,0.29791,0.35501
1659,0.8539,1.3716,0.25000,0.29278,0.34289
1660,0.8758,1.3036,0.25000,0.28544,0.32591
1661,0.8821,1.2852,0.25000,0.28342,0.32131
1662,0.8845,1.2782,0.25000,0.28264,0.31954
1663,0.8930,1.2539,0.25000,0.27994,0.31347
1664,0.8900,1.2624,0.25000,0.28089,0.31559
1665,0.8954,1.2473,0.25000,0.27920,0.31182
1666,0.8923,1.2558,0.25000,0.28016,0.31396
1667,0.8907,1.2604,0.25000,0.28067,0.31509
1668,0.9136,1.1980,0.25000,0.27363,0.29949
1669,0.9508,1.1063,0.25000,0.26295,0.27657
1670,0.9756,1.0507,0.25000,0.25626,0.26267
1671,0.9736,1.0550,0.25000,0.25679,0.26376
1672,0.9588,1.0878,0.25000,0.26074,0.27195
1673,0.9574,1.0909,0.25000,0.26111,0.27272
1674,0.9718,1.0588,0.25000,0.25725,0.26471
1675,0.9879,1.0246,0.25000,0.25306,0.25616
1676,0.9901,1.0201,0.25000,0.25250,0.25503
1677,0.9931,1.0139,0.25000,0.25173,0.25348
1678,0.9931,1.0139,0.25000,0.25173,0.25348
1679,0.9945,1.0110,0.25000,0.25137,0.25275
1680,0.9971,1.0059,0.25000,0.25073,0.25147
